Drug target,Drug target Uniprot ID,Name,Experimentally proven to be ineffective against coronaviridae [1/0],Positive effects in COVID-19,Drugbank_ID,ChEMBL ID,pubChem ID,Binding Affinity (kcal/mol) AutoDock Vina vs 6Y2E,Drug type,"Adverse drug reactions (from SIDER if possible, otherwise from VigiAccess)","ADR found on SIDER (Yes=1, No=0)","Respiratory, thoracic and mediastinal disorders found on VigiAccess",Toxicity (when overdosed),"Trial stage (-1= Withdrawn, 0= Research, 1= Investigational, 2= Phase II, 3= Phase III, 4= Approved)",EC50 (half-maximal effective concentration),LD50/LC50,CC50 (half-cytotoxic concentration),SI (selectivity index),"Getestet mit Virus: (bezogen auf EC,LC,CC,SI)",Getestet an Zelllinie:,SMILES,Target Homology to SARS-CoV-2 structure (BLAST-coverage),Paper (doi),
Replicase polyprotein 1ab|RNA-directed RNA polymerase L,P0C6X7|Q05318,Remdesivir (GS-5734),0,1,DB14761,CHEMBL4065616,121304016,"-7,2",Small Molecule,Anaemia|Thrombocytopenia|Septic Shock|Hepatic Enzyme Increased|Transaminases increased|Acute kidney injury|Dermatitis,0,0,NA,2,0.77 μM,NA,>100 μM,>129.87,2019-nCoV,Vero E6 cell line (African green monkey kidney)|Huh-7 cell line (human liver cancer),CCC(CC)COC(=O)[C@H](C)N[P@](=O)(OC[C@H]1O[C@](C#N)([C@H](O)[C@@H]1O)C1=CC=C2N1N=CN=C2N)OC1=CC=CC=C1,86.19%|No significant similarity found,https://doi.org/10.1038/s41422-020-0282-0|https://doi.org/10.1056/NEJMoa2001191|https://doi.org/10.1038/s41422-020-0282-0,
Glutathione S-transferase A2|Tumor necrosis factor|Toll-like receptor 9|Glutathione S-transferase|High mobility group protein B1|Glutathione S-transferase Mu 1,P09210|P01375|Q9NR96|Q8MU52|P09429|P09488,Chloroquine,0,1,DB00608,CHEMBL76,2719,"-6,2",Small Molecule,Abdominal cramps|Agranulocytosis|Alopecia|Aplastic anaemia|Angioedema|Anorexia|Anxiety|Asthenia|Confusional state|Corneal opacity|Delirium|Dermatitis exfoliative|Drug eruption|Diarrhoea|Dyskinesia|Eosinophilia|Toxic epidermal necrolysis|Erythema multiforme|Extrapyramidal disorder|Hallucination|Partial hearing loss|Hepatitis|Hypotension|Lichen planus|Macular degeneration|Myopathy|Nausea|Neuromyopathy|Neutropenia|Night blindness|Pancytopenia|Polyneuritis|Pruritus|Psychotic disorder|Scotoma|Stevens-Johnson syndrome|Thrombocytopenia|Tinnitus|Torticollis|Urticaria|Vomiting|Agitation|Neural hearing loss|Retinal damage|Skin exfoliation|Personality change|Protrusion tongue|Eruption|Atrophy|Anaphylactoid reaction|Vision blurred|Photosensitivity|QRS complex|Reaction gastrointestinal|Visual disturbance|Maculopathy|Convulsive seizure|Electrocardiogram change|Cardiomyopathy|Insomnia|Intermittent headache,1,1,headache|Sleepiness|visual disturbances|nausea|vomiting|cardiovascular collapse|shock|convulsions|respiratory arrest|cardiac arrest|hypokalemia,4|1,1.13 μM,Rat oral 330 mg/kg|Mouse oral 311 mg/kg,>100 μM,>88.50,2019-nCoV,Vero E6 cell line (African green monkey kidney)|Huh-7 cell line (human liver cancer),CCN(CC)CCCC(C)NC1=CC=NC2=CC(Cl)=CC=C12,No significant similarity found|No significant similarity found|No significant similarity found|No significant similarity found|No significant similarity found|No significant similarity found,https://doi.org/10.1038/s41422-020-0282-0|https://doi.org/10.1038/s41422-020-0282-0|https://doi.org/10.1016/j.ijantimicag.2020.105949|https://doi.org/10.1016/j.ijantimicag.2020.105938|https://doi.org/10.5582/bst.2020.01047,
Pyruvate-flavodoxin oxidoreductase Desulfovibrio africanus,P94692,Nitazoxanide,0,0,DB00507,CHEMBL1401,41684,"-6,6",Small Molecule,Abdominal pain|Nausea|Diarrhoea|Headache|Vomiting|Amenorrhoea|Anaemia|Anorexia|Asthenia|Back pain|Infection|Constipation|Dizziness|Dyspepsia|Dysuria|Ear pain|Oedema|Epistaxis|Rash|Body temperature increased|Flatulence|Hypersensitivity|Hypertension|Hypoaesthesia|Influenza|Cramps of lower extremities|Leukocytosis|Lung disorder|Metrorrhagia|Pain|Pelvic pain|Pharyngitis|Pruritus|Rhinitis|Syncope|Tachycardia|Thirst|Tremor|Dry mouth|Chills|Creatinine increased|Alanine aminotransferase increased|Malaise|Myalgia|Increased appetite|Urine color abnormal|Renal pain|Insomnia|Somnolence,1,1,<1% of patients: asthenia|fever|pain|allergic reaction|pelvic pain|back pain|chills|fever|flu-like syndrome|dizziness|somnolence|insomnia|tremor|hypesthesia|vomiting|dyspepsia|anorexia|flatulence|constipation|dry mouth|thirst|discolored urine|dysuria|amenorrhea|metrorrhagia|kidney pain|edema labia|increased SGPT|anemia|leukocytosis|rash|pruritus|eye discoloration|ear ache|epistaxis|lung disease|pharyngitis|tachycardia|syncope|hypertension|myalgia|leg cramps|spontaneous bone fracture,4|1|4,2.12 μM,Rat: 1.7902 mol/kg,>35.53 μM,>16.76,2019-nCoV,Vero E6 cell line (African green monkey kidney)|Huh-7 cell line (human liver cancer),CC(=O)OC1=CC=CC=C1C(=O)NC2=NC=C(S2)[N+](=O)[O-],No significant similarity found,https://doi.org/10.1038/s41422-020-0282-0|https://doi.org/10.3390/v11080742,
Prothrombin|Coagulation factor X|Coagulation factor XII|Trypsin-1|Kallikrein-1|Intercellular adhesion molecule 1,P00734|P00742|P00748|P07477|P06870|P05362,Nafamostat,0,0,DB12598,CHEMBL273264,4413,"-8,7",Small Molecule,Thrombocytopenia|Eosinophilia|Tachycardia|Cardio-respiratory arrest|Nausea|Vomiting|Abdominal discomfort|Diarrhoea|Abdominal pain|Pyrexia|Chest discomfort|Anaphylactic shock|Anaphylactic reaction|Septic shock|Blood pressure decreased|Eosinophil count increased|Platelet count decreased|Hyperkalaemia|Hyponatraemia|Depressed level of consciousness|Dizziness|Headache|Dyspnoea|Asthma|Interstitial lung disease|Respiratory arrest|Pruritus|Rash|Urticaria|Erythema|Rash pruritic|Hyperhidrosis|Shock|Hypotension,0,1,agranulocytosis|hyperkalemia|anaphylaxis|cardiac arrest|dyspnea,3,22.50 μM,Rat intravenous:16.4mg/kg,>100 μM,>4.44,2019-nCoV,Vero E6 cell line (African green monkey kidney)|Huh-7 cell line (human liver cancer),C1=CC(=CC=C1C(=O)OC2=CC3=C(C=C2)C=C(C=C3)C(=N)N)N=C(N)N,No significant similarity found|No significant similarity found|No significant similarity found|No significant similarity found|No significant similarity found|No significant similarity found,https://doi.org/10.1038/s41422-020-0282-0,
RNA-directed RNA polymerase catalytic subunit Influenza A H5N1,Q809M3,Favipiravir (T-705),0,1,DB12466,CHEMBL221722,492405,"-5,1",Small Molecule,Thrombocytopenia|Atrial fibrillation|Cystic fibrosis|Colitis|Hepatic function abnormal|Transaminases increased|Electrocardiogram QT prolonged|Haemoglobin decreased|Headache|Seizure|Acute kidney injury|Hair colour changes|Nail discolouration|Purpura|Rash|Vasculitis,0,0,Weight Loss|Vomiting|decreased locomotor activity|Decreased Erythrocyte Count|Testis toxicity|teratogenic effects,3,61.88 μM,Mouse: 707 mg/kg/day|Hamster: >1500 mg/kg/day,>400 μM,>6.46,2019-nCoV,Vero E6 cell line (African green monkey kidney)|Huh-7 cell line (human liver cancer),C1=C(N=C(C(=O)N1)C(=O)N)F,No significant similarity found,https://doi.org/10.1038/s41422-020-0282-0|https://doi.org/10.1128/AAC.00356-07|https://doi.org/10.1016/j.eng.2020.03.007,
DNA polymerase catalytic subunit HHV-1|Thymidine kinase,P04293|P06478,Penciclovir,0,0,DB00299,CHEMBL1540,135398748,"-6,4",Small Molecule,Headache|Diarrhoea|Neutropenia|Nausea|Dysmenorrhoea|Fatigue|Leukopenia|Vomiting|Hypoaesthesia|Application site reaction|Flatulence|Migraine|Abdominal pain|Dysgeusia|Anaemia|Angioedema|Mental disorder|Confusional state|Delirium|Dizziness|Toxic epidermal necrolysis|Erythema multiforme|Hallucination|Cardiac disorder|Herpes labialis|Jaundice cholestatic|Nervous system disorder|Pain|Palpitations|Paraesthesia|Pruritus|Stevens-Johnson syndrome|Thrombocytopenia|Urticaria|Liver function test abnormal|Skin discolouration|Unspecified disorder of skin and subcutaneous tissue|Disorientation|Rash erythematous|Therapeutic response decreased|Pharyngeal oedema|Hepatobiliary disease|Blood and lymphatic system disorders|Local swelling|Parosmia|Somnolence|Leukocytoclastic vasculitis|Rash|Hypersensitivity|Renal failure acute|Erythema,1,1,headache|abdominal pain|increased serum lipase|nausea|dyspepsia|dizziness|hyperbilirubinemia,4,95.96 μM,Rat: 2.1426 mol/kg,>400 μM,>4.17,2019-nCoV,Vero E6 cell line (African green monkey kidney)|Huh-7 cell line (human liver cancer),C1=NC2=C(N1CCC(CO)CO)N=C(NC2=O)N,No significant similarity found|No significant similarity found,https://doi.org/10.1038/s41422-020-0282-0,
Inosine-5'-monophosphate dehydrogenase 1|Inosine-5'-monophosphate dehydrogenase 2|RNA-directed RNA polymerase L|RNA-directed RNA polymerase catalytic subunit|Cytosolic purine 5'-nucleotidase|Ectonucleotide pyrophosphatase/phosphodiesterase family member 1|Genome polyprotein,P20839|P12268|P26676|P16502|P49902|P22413|P12823,Ribavirin,0,0,DB00811,CHEMBL1643,37542,"-6,3",Small Molecule,Headache|Fatigue|Upper respiratory tract infection|Gastrointestinal disorder|Myalgia|Rigors|Body temperature increased|Insomnia|Nausea|Chills|Arthralgia|Injection site erythema|Alopecia|Anorexia|Neutropenia|Irritability|Depression|Musculoskeletal pain|Dizziness|Rash|Injection site reaction|Dyspnoea|Diarrhoea|Influenza-like symptoms|Pharyngitis|Pruritus|Viral infection|Weight decreased|Injection site inflammation|Abdominal pain upper|Influenza like illness|Asthenia|Cough|Anaemia|Oral candidiasis|Dyspepsia|Abdominal pain|Lipodystrophy acquired|Vomiting|Dry mouth|Dry skin|Anxiety|Mood swings|Decreased appetite|Cerebration impaired|Sweating increased|Increased appetite|Blood disorder|Pain|Sinusitis|Gamma-glutamyltransferase increased|Mood alteration NOS|CD4 lymphocytes decreased|Dyspnoea exertional|Chest pain|Dysgeusia|Right upper quadrant pain|Lipase increased|Blood amylase increased|Cytolytic hepatitis|Abdominal distension|Aggression|Amenorrhoea|Amnesia|Arthritis|Ataxia|Back pain|Bacterial infection|Behavior disorder|Bronchitis|Cheilitis|Colitis|Confusional state|Conjunctivitis|Constipation|Muscle contracture|Contusion|Libido decreased|Dermatitis|Ear pain|Eczema|Oedema|Enuresis|Epistaxis|Flatulence|Flushing|Gastroenteritis|Gingival bleeding|Glossitis|Cardiac murmur|Herpes simplex|Hyperbilirubinaemia|Hyperaesthesia|Hyperglycaemia|Hyperhidrosis|Hypertension|Hyperthyroidism|Hypoaesthesia|Hypocalcaemia|Hypothyroidism|Influenza|Jaundice|Leukopenia|Lymphopenia|Breast pain|Menorrhagia|Menstrual disorder|Hypertonia|Fungal infection|Nail disorder|Nasal congestion|Nasopharyngitis|Neoplasm|Night sweats|Otitis media|Ovarian disorder|Pain in extremity|Pallor|Palpitations|Paraesthesia|Polyuria|Prostatitis|Proteinuria|Psoriasis|Psychotic disorder|Rectal disorder|Respiratory tract infection|Rhinitis|Pharyngitis streptococcal|Skin disorder|Sneezing|Somnambulism|Muscle spasms|Stomatitis|Aphthous stomatitis|Ulcerative stomatitis|Syncope|Tachycardia|Testicular pain|Thirst|Thrombocytopenia|Tinnitus|Tooth disorder|Toothache|Tremor|Erythema|Pollakiuria|Urinary incontinence|Urinary tract infection|Micturition disorder|Urticaria|Vaginal disorder|Vaginal inflammation|Virilism|Agitation|Apathy|Oedema peripheral|Hepatic function abnormal|Mouth ulceration|Migraine|Eye pain|Injection site pain|Skin discolouration|Sinus congestion|Photosensitivity reaction|Cheilosis|Malaise|Tachypnoea|Disturbance in attention|Memory impairment|Abnormal dreams|Rash erythematous|Lacrimal gland disorder|Eye irritation|Upset stomach|Urine abnormality|Psoriasis flare-up|Hair texture abnormal|Nasal irritation|Erectile dysfunction|Sepsis|Dry eye|Oral herpes|Rash maculo-papular|Suicidal ideation|Hyperkinesia|Lymphadenopathy|Tooth abscess|Injection site dermatitis|Visual disturbance|Sexual dysfunction|Skin laceration|Hyperuricaemia|Hyperlactacidaemia|Dry cough|Sleep disorder|Injection site pruritus|Blood thyroid stimulating hormone increased|Pharyngolaryngeal pain|Lung infection|Respiratory tract congestion|Thyroglobulin increased|Rhinorrhoea|Poor quality sleep|Increased upper airway secretion|Feeling abnormal|Dysphonia|Injection site dryness|Loose stools|Ageusia|Somnolence|Abnormal vision|Hepatomegaly|Nervousness|Anger|Dysmenorrhoea|Hypertriglyceridaemia|Hypotension|Oral pain|Abnormal behaviour|Chest discomfort|Depressed mood|Vision blurred|Ascariasis|Cellulitis|Conjunctival haemorrhage|Dermatitis atopic|Drug hypersensitivity|Facial pain|Gingivitis|Hallucination|Herpes zoster|Eye pruritus|Keratitis|Lethargy|Myocardial infarction|Neuralgia|Nightmare|Pancreatitis|Neuropathy peripheral|Suicide attempt|Wheezing|Photophobia|Enterobiasis|Panic attack|Lower respiratory tract infection|Muscular weakness|Bone pain|Injection site infection|Emotional disorder|Skin exfoliation|Neuropathy|Injection site induration|Face oedema|Pigmentation disorder|Nasal discomfort|Anti-thyroid antibody positive|Aplastic anaemia|Arrhythmia|Rheumatoid arthritis|Bipolar disorder|Dehydration|Diabetes mellitus|Endocrine disorder|Toxic epidermal necrolysis|Eye disorder|Hypersensitivity|Pulmonary hypertension|Immune system disorder|Mediastinal disorder|Myositis|Optic neuritis|Papilloedema|Pneumonia|Aplasia pure red cell|Renal failure|Retinal artery occlusion|Retinal detachment|Retinal disorder|Retinal haemorrhage|Retinal vein occlusion|Rhabdomyolysis|Sarcoidosis|Cutaneous sarcoidosis|Convulsion|Stevens-Johnson syndrome|Vasculitis|Vertigo|Injection site necrosis|Serous retinal detachment|Malnutrition|Colitis ischaemic|Unspecified disorder of skin and subcutaneous tissue|Visual acuity reduced|Retinal exudates|Auditory disorder NOS|Macular oedema|Blood and lymphatic system disorders|Ear and labyrinth disorders|Cardiomyopathy|Hearing impaired|Renal impairment|Colitis ulcerative|Erythema multiforme|Haemorrhage|Nephrotic syndrome|Suicide|Encephalopathy|Myocardial ischaemia|Polyneuropathy|Interstitial pneumonia|Hepatotoxicity|Peripheral ischaemia|Lung infiltration|Cerebral ischaemia|Lactic acidosis|Anaphylactic shock|Haemolytic anaemia|Angina pectoris|Angioedema|Apnoea|Asthma|Atelectasis|Pneumonia bacterial|Mental disorder|Bone disorder|Breast disorder|Bronchospasm|Cholangitis|Coma|Connective tissue disorder|Ulcerative keratitis|Cyanosis|Cyst|Sudden death|Type 1 diabetes mellitus|Digitalis toxicity|Drug abuse|Endocarditis|Facial paralysis|Liver fatty|Gastrointestinal haemorrhage|Gilbert's syndrome|Gout|Cardiac arrest|Cardiac disorder|Haemolysis|Hoarseness|Inflammation|Hepatic cirrhosis|Systemic lupus erythematosus|Nervous system disorder|Osteomyelitis|Peptic ulcer|Pericardial effusion|Pericarditis|Periodontal disease|Pneumothorax|Polyp|Pulmonary oedema|Pulmonary embolism|Thrombotic thrombocytopenic purpura|Pyelonephritis|Taste disorders|Thyroid disorder|Ulcer|Uric acid level increased|Urinary tract disorder|Vogt-Koyanagi-Harada syndrome|Angiopathy|Viraemia|Disorder sight|Weight increased|Idiopathic thrombocytopenic purpura|Bronchoconstriction|Hepatic failure|Blindness transient|Haemoglobin decreased|Reticulocytosis|Tenderness|Crying abnormal|Venous occlusion|Throat sore|Ventricular bigeminy|Hepatobiliary disease|Cotton wool spots|Found dead (cause undetermined)|Mania|Lacrimation|Bradycardia|Homicidal ideation|Mononeuropathy|Thyrotropin high|Infestation NOS|Asthenic conditions|Thrombocytopenic purpura|Application site inflammation|Psychiatric evaluation abnormal|Mitochondrial toxicity|Absolute neutrophil count decreased|Suicidal behaviour|Tongue pigmentation|Cerebral haemorrhage|Hypoventilation,1,1,flu-like symptoms|Depression|Suicide|Sleep Initiation and Maintenance Disorders|Irritable Mood|relapse of drug abuse/overdose|hepatic decompensation|Bacterial Infections|Anemia|descreased Reticulocyte Count|decreased erythrocyte Na-K pump activity|increased K-Cl cotransport|increased membrane bound IgG|increased membrane bound C3|increased erythrocyte band 3,4,109.50 μM,Rat: 1.9876 mol/kg,>400 μM,>3.65,2019-nCoV,Vero E6 cell line (African green monkey kidney)|Huh-7 cell line (human liver cancer),NC(=O)C1=NN(C=N1)[C@@H]1O[C@H](CO)[C@@H](O)[C@H]1O,No significant similarity found|No significant similarity found|No significant similarity found|No significant similarity found|No significant similarity found|No significant similarity found|No significant similarity found,https://doi.org/10.1038/s41422-020-0282-0,
Tyrosine-protein kinase JAK1|Tyrosine-protein kinase JAK2|Protein-tyrosine kinase 2-beta|Tyrosine-protein kinase JAK3,P23458|O60674|Q14289|P52333,Baricitinib,0,0,DB11817,CHEMBL2105759,44205240,"-7,1",Small Molecule,Anaemia|Neutropenia|Leukopenia|Thrombocytosis|Lymphopenia|Thrombocytopenia|Lymphadenopathy|Anaemia macrocytic|Pancytopenia|Palpitations|Atrial fibrillation|Cardiac failure|Myocardial infarction|Tachycardia|Angina pectoris|Arrhythmia|Cardiac arrest|Cardiovascular disorder|Coronary artery disease|Vertigo|Tinnitus|Hypoacusis|Visual impairment|Dry eye|Diplopia|Blindness|Eye inflammation|Nausea|Diarrhoea|Abdominal pain|Vomiting|Constipation|Gastrointestinal disorder|Mouth ulceration|Stomatitis|Dry mouth|Dyspepsia|Toothache|Oral pain|Aphthous ulcer|Dysphagia|Flatulence|Oral mucosal blistering|Gastrooesophageal reflux disease|Gastric disorder|Gingival bleeding|Malaise|Fatigue|Pain|Pyrexia|Peripheral swelling|Asthenia|Feeling abnormal|Influenza like illness|Chest pain|Swelling|Gait disturbance|Chest discomfort|Oedema peripheral|Inflammation|Mucosal inflammation|Sudden death|Liver disorder|Hepatocellular injury|Hepatic function abnormal|Hepatic steatosis|Cholelithiasis|Liver injury|Hypersensitivity|Immune system disorder|Decreased immune responsiveness|Drug hypersensitivity|Immunosuppression|Herpes zoster|Nasopharyngitis|Infection|Pneumonia|Urinary tract infection|Bronchitis|Influenza|Sinusitis|Pharyngitis|Cystitis|Respiratory tract infection|Viral infection|Sepsis|Cellulitis|Tonsillitis|Diverticulitis|Gastroenteritis|Rhinitis|Fall|Weight increased|Blood cholesterol increased|Haemoglobin decreased|Blood pressure increased|C-reactive protein increased|Weight decreased|Alanine aminotransferase increased|Red blood cell sedimentation rate increased|Blood creatine phosphokinase increased|Liver function test increased|Platelet count increased|Transaminases increased|White blood cell count decreased|Blood triglycerides increased|Fluid retention|Hypercholesterolaemia|Hypoglycaemia|Rheumatoid arthritis|Arthralgia|Pain in extremity|Back pain|Joint swelling|Arthritis|Musculoskeletal pain|Muscle spasms|Musculoskeletal stiffness|Myalgia|Arthropathy|Headache|Dizziness|Paraesthesia|Somnolence|Hypoaesthesia|Tremor|Memory impairment|Migraine|Loss of consciousness|Cerebrovascular accident|Insomnia|Anxiety|Depression|Nervousness|Confusional state|Renal disorder|Pollakiuria|Cough|Dyspnoea|Pulmonary embolism|Oropharyngeal pain|Dysphonia|Epistaxis|Interstitial lung disease|Productive cough|Throat irritation|Rhinorrhoea|Aphonia|Chronic obstructive pulmonary disease|Rash|Alopecia|Pruritus|Acne|Hyperhidrosis|Blister|Erythema|Urticaria|Psoriasis|Deep vein thrombosis|Hypertension|Haematoma|Hypotension|Thrombosis,0,1,"decrease in lymphocyte counts in mice, rats and dogs|decrease in eosinophil counts in mice, rats and dogs|decrease in basophil counts in mice, rats and dogs|lymphoid depletion in organs/tissues of the immune system in mice, rats and dogs|Opportunistic infections related to demodicosis (mange) in dogs|decreases in red blood cells mice, rats and dogs|Reduction of foetal growth/weight and produce skeletal malformations in rat and rabbit|decreased fertility and conception in rats|decreased numbers of corpora lutea and implantation sites in female rats|increased pre-implantation loss in female rats|adverse effects on intrauterine survival of the embryos in female rats|decreased pup weights in dogs|decreased postnatal survival in dogs|clinical relevance in humans not yet established",4|1,NA,Rabbit: >5700 x MHRD; BSA,NA,NA,NA,NA,CCS(=O)(=O)N1CC(C1)(CC#N)N2C=C(C=N2)C3=C4C=CNC4=NC=N3,No significant similarity found|No significant similarity found|No significant similarity found|No significant similarity found,https://doi.org/10.1016/S0140-6736(20)30304-4|https://doi.org/10.1016/S1473-3099(20)30132-8|https://www.tga.gov.au/auspar/auspar-baricitinib,
DNA|Toll-like receptor 7|Toll-like receptor 9        ,NA|Q9NYK1|Q9NR96,Hydroxychloroquine,0,1,DB01611,CHEMBL1535,3652,"-6,4",Small Molecule,Abdominal cramps|Abdominal pain|Agranulocytosis|Alopecia|Anaemia|Aplastic anaemia|Angioedema|Anorexia|Asthenia|Ataxia|Mental disorder|Bronchospasm|Cardiovascular disorder|Central nervous system disorder|Contusion|Depression|Dermatitis exfoliative|Drug eruption|Diarrhoea|Dizziness|Drowsiness|Oedema|Eosinophilia|Toxic epidermal necrolysis|Erythema multiforme|Rash|Eye disorder|Fatigue|Body temperature increased|Headache|Cardiac failure|Blood disorder|Haemorrhage|Hypersensitivity|Hypoglycaemia|Irritability|Leukopenia|Liver disorder|Macular degeneration|Myopathy|Nausea|Nervous system disorder|Nervousness|Neuromyopathy|Night blindness|Nightmare|Nystagmus|Optic atrophy|Pain|Pallor|Porphyrin metabolism disorder|Pruritus|Psoriasis|Psychotic disorder|Retinal disorder|Scotoma|Convulsion|Stevens-Johnson syndrome|Thrombocytopenia|Tinnitus|Urticaria|Vertigo|Vomiting|Weight decreased|Agitation|Mood swings|Photophobia|Hypokinesia|Lassitude|Hepatic function abnormal|Liver function test abnormal|Bone marrow depression|Muscular weakness|Skin discolouration|Central scotoma|Accommodation disorder|Neural hearing loss|Corneal deposits|Malnutrition|Acute hepatic failure|Leukoderma|Unspecified disorder of skin and subcutaneous tissue|Lightheadedness|Affect lability|Visual acuity reduced|Excitability|Ear buzzing|Bullous eruption|Throat sore|Erythema annulare centrifugum|Eruption|Hepatitis fulminant|Blacked-out (not amnesia)|Lividity|Edema transient|Atrophy|Vision blurred|Stomach cramps|Photosensitivity|Halo vision|Paralysis|Reaction gastrointestinal|Visual disturbance|Maculopathy|Corneal sensitivity decreased|Acute generalised exanthematous pustulosis|Cardiomyopathy|Intermittent headache|Abnormal pigmentation|Hearing impaired|Suicidal behaviour|Mucosal pigmentation|Appetite absent|Macular pigmentation,1,1,"Headache |Sleepiness |Visual Disturbances|Shock|Seizures|Hypokalemia|Arrhythmias, Cardiac|Cardiac Conduction System Disease|Long QT Syndrome|Torsades de Pointes|Tachycardia, Ventricular|Ventricular Fibrillation|Apnea|Heart Arrest",4,4.51 μM,13.28 μM in immortalized mouse macrophage cell line,249.50 μM,55.32,SARS-CoV-2,Vero E6 cell line (African green monkey kidney),CCN(CCO)CCCC(C)NC1=C2C=CC(Cl)=CC2=NC=C1,NA|No significant similarity found|No significant similarity found,https://doi.org/10.1038/s41421-020-0156-0|https://doi.org/10.1016/j.ijantimicag.2020.105949 ,
TMPRSS2 protease,O15393,Camostat,0,1,DB13729,CHEMBL590799,2536,-8,Small Molecule,Haemolytic anaemia|Leukopenia|Pancytopenia|Thrombocytopenia|Nausea|Vomiting|Diarrhoea|Abdominal pain|Constipation|Dyspepsia|Gastrointestinal Hemorrhage|Gastroesophageal Reflux|Oral Ulcer|Malaise|Asthenia|Chest pain|Fatigue|Hepatic function abnormal|Autoimmune hepatitis|Drug-induced liver injury|Jaundice|Pneumonia|Aspartate aminotransferase increased|Alanine aminotransferase increased|Blood potassium increased|Platelet count decreased|Hyperkalaemia|Hypoalbuminaemia|Myalgia|Dizziness|Headache|Renal impairment|Interstitial lung disease|Eosinophilic pneumonia|Pneumonitis|Pruritus|Urticaria|Rash|Rash pruritic|Alopecia,0,1,NA,0,NA,NA,NA,NA,NA,"TMPRSS2− 293T cells, TMPRSS2+ Caco-2",CN(C)C(=O)COC(=O)CC1=CC=C(OC(=O)C2=CC=C(NC(N)=N)C=C2)C=C1,No significant similarity found,https://doi.org/10.1016/j.cell.2020.02.052|https://doi.org/10.1016/j.cell.2020.02.052,
"Reverse transcriptase/RNaseH|HLA class I histocompatibility antigen, B-57 alpha chain",Q72547|P18465,Abacavir,1,0,DB01048,CHEMBL1380,441300,,Small Molecule,Malaise|Pruritus|Vomiting|Myalgia|Chills|Cough|Diarrhoea|Nausea|Headache|Drug hypersensitivity|Insomnia|Infection|Depression|Pain|Abdominal discomfort|Fatigue|Anorexia|Rash|Body temperature increased|Lethargy|Hyperlactacidaemia|Dizziness|Abnormal dreams|Musculoskeletal pain|Anxiety|Sleep disorder|Neuropathy|Lactic acidosis|Toxic epidermal necrolysis|Erythema multiforme|Hypersensitivity|Myocardial infarction|Pancreatitis|Stevens-Johnson syndrome|Hepatic steatosis|Hepatomegaly|Abdominal pain|AIDS dementia complex|Alopecia|Anaphylactic shock|Anaemia|Aplastic anaemia|Arthralgia|Asthenia|Autoimmune disorder|Bronchitis|Conjunctivitis|Depressive disorder|Dyspnoea|Oedema|Gastritis|Gastroenteritis|Gastrointestinal disorder|Basedow's disease|Hepatitis|Hepatitis B|Hypercholesterolaemia|Hyperglycaemia|Hypertriglyceridaemia|Hypertrophy of breast|Hypotension|Inflammation|Insulin resistance|Leukopenia|Lipodystrophy|Lymphopenia|Nervous system disorder|Neutropenia|Opportunistic infection|Paraesthesia|Neuropathy peripheral|Pharyngitis|Pneumonia|Aplasia pure red cell|Renal failure|Respiratory tract infection|Rhabdomyolysis|Convulsion|Gastrointestinal signs and symptoms|Splenomegaly|Stomatitis|Thrombocytopenia|Urticaria|Vertigo|Wheezing|Hepatic failure|Mouth ulceration|Migraine|Creatine phosphokinase increased|Creatinine increased|Gamma-glutamyltransferase increased|Muscular weakness|Aspartate aminotransferase increased|Alanine aminotransferase increased|Malnutrition|Unspecified disorder of skin and subcutaneous tissue|Hyperamylasaemia|Blood bilirubin increased|Gastrointestinal symptom NOS|Lymphadenopathy|Respiratory failure,1,1,Myocardial degeneration in rats and mice|Nausea|Headache|malaise|Fatigue|Vomiting|Dyssomnias|Serious Hypersensitivity,4|1,1.32 µM for Abcg2/Bcrp1 transporter,NA,160 µM,NA,NA,CEM cells,NC1=NC2=C(N=CN2[C@@H]2C[C@H](CO)C=C2)C(NC2CC2)=N1,No significant similarity found|No significant similarity found,https://doi.org/10.1016/j.jcv.2004.03.003|https://doi.org/10.7554/eLife.28020,
DNA polymerase catalytic subunit HHV-1|DNA polymerase catalytic subunit HHV-3|Thymidine kinase,P04293|P09252|P03176,Acyclovir,1,0,DB00787,CHEMBL184,135398513,,Small Molecule,nausea|vomiting|upper abdominal pain|headaches|exanthema,1,1,Drugbank(High dose treatment): agitation|coma|seizures|lethargy|precipitation in renal tubules,4,0.1-10µM,Oral TDLO (child): 3 mg/kg/22W (intermittent)|Oral TDLO (woman): 12mg/kg/1D (intermittent);,NA,>40-200,SARS-CoV,Vero E6 cells,O=C2/N=C(\Nc1n(cnc12)COCCO)N,No significant similarity found|No significant similarity found|No significant similarity found,https://doi.org/10.3201/eid1004.030458,
Human immunodeficiency virus type 1 protease,Q72874,Amprenavir,1,0,DB00701,CHEMBL116,65016,,Small Molecule,nausea|vomiting|diarrhea|abdominal pain,1,1,NA,4|1,8.6 µM,Rat: 2.4787 mol/kg,">44.6 µM, >150",">4000, >150",HCoV-NL63,LLC-MK2,O=C(O[C@H]1CCOC1)N[C@@H](Cc2ccccc2)[C@H](O)CN(CC(C)C)S(=O)(=O)c3ccc(N)cc3,No significant similarity found,https://doi.org/10.1128/AAC.01598-05|https://doi.org/10.7554/eLife.28020,
Genome polyprotein HCV,P26663,Asunaprevir,0,0,DB11586,CHEMBL2105735,16076883,"-7,5",Small Molecule,flu-like symptoms|hair loss|headache|irritability|itchiness|nausea|skin rash|tiredness|trouble sleeping|weakness,0,1,No adverse effects,4|1|-1,1-4 nM,NA,>1mM,>40000,NA,NA,C=C[C@@H]1C[C@]1(NC(=O)[C@@H]1C[C@@H](Oc2ncc(OC)c3ccc(Cl)cc23)CN1C(=O)[C@@H](NC(=O)OC(C)(C)C)C(C)(C)C)C(=O)NS(=O)(=O)C1CC1,No significant similarity found,https://doi.org/10.1101/2020.01.31.929547,
Human immunodeficiency virus type 1 protease,Q72874,Atazanavir,0,0,DB01072,CHEMBL1163,148192,"-6,5",Small Molecule,Cough|Amylase increased|Body temperature increased|Dermatitis|Rash|Ocular icterus|Neutropenia|Diarrhoea|Vomiting|Headache|Jaundice|Oedema peripheral|Nasal congestion|Pain in extremity|Wheezing|Nasopharyngitis|Rhinorrhoea|Oropharyngeal pain|Abdominal pain|Gastrointestinal pain|Asthenia|Fatigue|Lipodystrophy acquired|Hypoglycaemia|Lipase increased|Nausea|Haemoglobin decreased|Insomnia|Dizziness|Depression|Abdominal distension|Amnesia|Decreased appetite|Anxiety|Chest pain|Drug eruption|Dysgeusia|Dyspnoea|Eosinophilia|Flatulence|Gastritis|Gynaecomastia|Haematuria|Hepatitis|Hypersensitivity|Hypertension|Muscle atrophy|Neuropathy peripheral|Proteinuria|Aphthous stomatitis|Syncope|Pollakiuria|Urticaria|Weight increased|Weight decreased|Dry mouth|Malaise|Increased appetite|Disorientation|Sleep disorder|Somnolence|Alopecia|Angioedema|Arthralgia|Cholecystitis|Cholelithiasis|Cholestasis|Diabetes mellitus|Eczema|Oedema|Fasting|Cardiac disorder|Hepatosplenomegaly|Hyperglycaemia|Bundle branch block left|Myopathy|Nephritis interstitial|Palpitations|Pancreatitis|Pruritus|Torsade de pointes|Urinary tract disorder|Angiopathy|Atrioventricular block complete|Vesiculobullous rash|Malnutrition|Myalgia|Dyslipidaemia|Atrioventricular block second degree|Hepatobiliary disease|Nephrolithiasis|Rash maculo-papular|Renal pain|Gait disturbance|Electrocardiogram QT corrected interval prolonged|Lactic acidosis|Amenorrhoea|Atrioventricular block|Autoimmune disorder|Back pain|Mental disorder|Breast disorder|Cellulitis|Colitis|Infection|Confusional state|Connective tissue disorder|Constipation|Libido decreased|Dehydration|Dermatophytosis|Dyspepsia|Ecchymosis|Erythema multiforme|Oesophagitis|Eye disorder|Gastroenteritis|Gastrointestinal disorder|Gout|Basedow's disease|Hallucination|Cardiac arrest|Block heart|Hepatitis C|Hepatomegaly|Hiccups|Hostility|Hyperbilirubinaemia|Hypercholesterolaemia|Hypertriglyceridaemia|Hypertrophy of breast|Hypoaesthesia|Immune system disorder|Inflammation|Insulin resistance|Calculus of kidney|Mediastinal disorder|Menstrual disorder|Myocarditis|Nail disorder|Nervous system disorder|Nervousness|Obesity|Oliguria|Opportunistic infection|Otitis|Pain|Pallor|Pelvic pain|Peptic ulcer|Polyuria|Psychotic disorder|Purpura|Renal failure|Seborrhoeic dermatitis|Convulsion|Staphylococcal scalded skin syndrome|Stevens-Johnson syndrome|Suicide attempt|Sweating|Tinnitus|Toothache|Urinary tract infection|Hepatitis viral|Burning sensation|Agitation|Mood swings|Mouth ulceration|Crystalluria|Generalised oedema|Fertility male decreased|Hepatocellular injury|Liver fatty deposition|Bone pain|Retrosternal pain|Hyperreflexia|Aspartate aminotransferase increased|Alanine aminotransferase increased|Dry skin|Oesophageal ulcer|Heat intolerance|Muscle twitching|Neurological symptom|Urine abnormality|Erectile dysfunction|Eruption|Blood bilirubin increased|Atrophy|Dysplasia|Photosensitivity|Enlargement abdomen|Hyperkinesia|Buffalo hump|Chronic hepatitis B|Cough increased|Drug interaction|Bilirubin total increased|Hyperlactacidaemia|Myasthenia|Acholia|Lipohypertrophy ,1,1,NA,4|1,2.6 to 5.3 nM,NA,80 µM,NA,2019-nCoV,in silico,COC(=O)N[C@H](C(=O)N[C@@H](CC1=CC=CC=C1)[C@@H](O)CN(CC1=CC=C(C=C1)C1=CC=CC=N1)NC(=O)[C@@H](NC(=O)OC)C(C)(C)C)C(C)(C)C,No significant similarity found,https://doi.org/10.7554/eLife.28020,
NS3/4A protein,B0B3C9,Boceprevir,0,0,DB08873,CHEMBL218394,10324367,"-7,3",Small Molecule,"Asthenia|Fatigue|Nausea|Headache|Chills|Influenza like illness|Insomnia|Body temperature increased|Anaemia|Myalgia|Musculoskeletal discomfort|Pruritus|Alopecia|Decreased appetite|Arthralgia|Dyspnoea|Cough|Diarrhoea|Depression|Irritability|Dizziness|Weight decreased|Dry skin|Dysgeusia|Anxiety|Dermatitis|Rash|Neutropenia|Dry mouth|Vomiting|Abdominal distension|Abdominal pain|Gastrointestinal pain|Amnesia|Back pain|Bronchitis|Cellulitis|Neck pain|Cheilitis|Chest pain|Constipation|Dehydration|Dyspepsia|Eczema|Epistaxis|Flatulence|Gastrooesophageal reflux disease|Glossodynia|Goitre|Haemorrhoids|Herpes simplex|Hyperglycaemia|Hyperhidrosis|Hypertension|Hypertriglyceridaemia|Blood triglycerides increased|Hypoaesthesia|Hypotension|Hypothyroidism|Influenza|Leukopenia|Nasal congestion|Night sweats|Pain in extremity|Palpitations|Paraesthesia|Prurigo|Psoriasis|Sinusitis|Skin lesion|Muscle spasms|Aphthous stomatitis|Shock|Syncope|Loss of consciousness|Tinnitus|Tooth disorder|Erythema|Pollakiuria|Vertigo|Wheezing|Mood swings|Affect lability|Oedema peripheral|Migraine|Muscular weakness|Sinus congestion|Rash macular|Oral pain|Malaise|Discomfort|Feeling abnormal|Ill-defined disorder|Dyspnoea exertional|Abdominal discomfort|Abdominal pain upper|Disturbance in attention|Memory impairment|Rash erythematous|Chest discomfort|Retinal exudates|Erectile dysfunction|Dry eye|Vision blurred|Rash maculo-papular|Feeling of body temperature change|Blood uric acid increased|Hyperuricaemia|Sleep disorder|Mucosal dryness|Libido disorder|Oral fungal infection|Respiratory tract congestion|Parosmia|Rash papular|Anorectal discomfort|Oropharyngeal pain|Visual impairment|Pain|Agitation|Agranulocytosis|Pancytopenia|Stomatitis|Thrombocytopenia|Mouth ulceration|Aggression|Amenorrhoea|Anger|Appetite disorder|Arrhythmia|Arthritis|Candida infection|Cardiovascular disorder|Pleuritic pain|Cognitive disorder|Colitis|Confusional state|Conjunctival haemorrhage|Conjunctivitis|Deafness|Dysphagia|Sensitivity of teeth|Fungal skin infection|Diabetes mellitus|Dysuria|Flushing|Gastritis|Gastroenteritis|Gingival bleeding|Gingivitis|Glossitis|Gout|Cardiac murmur|Haemorrhagic disorder|Hyperbilirubinaemia|Hypercalcaemia|Hyperaesthesia|Hyperthyroidism|Hypokalaemia|Eye pruritus|Lethargy|Lymphopenia|Menorrhagia|Metrorrhagia|Musculoskeletal pain|Nasopharyngitis|Neuralgia|Nocturia|Pallor|Pancreatitis|Neuropathy peripheral|Pharyngitis|Anal pruritus|Pruritus genital|Pulmonary embolism|Proctalgia|Respiratory tract infection|Retinal disorder|Rhinitis|Salivary hypersecretion|Skin infection|Skin ulcer|Staphylococcal infection|Tachycardia|Onychomycosis|Urinary tract infection|Apathy|Flat affect|Photophobia|Panic attack|Deep vein thrombosis|Tongue discolouration|Impaired healing|Bone pain|Eye pain|Joint swelling|Lacrimation increased|Endophthalmitis|Ocular hyperaemia|Eyelid oedema|Retinal ischaemia|Photosensitivity reaction|Odynophagia|Abdominal pain lower|Abnormal behaviour|Dry throat|Faeces discoloured|Tongue ulceration|Gingival pain|Rectal haemorrhage|Eye swelling|Peripheral coldness|Suicidal ideation|Homicidal ideation|Musculoskeletal chest pain|Non-cardiac chest pain|Lymphadenopathy|Abnormal sensation in eye|Lip dry|Ear infection|Presyncope|Substance abuse|Mental status changes|Ear discomfort|Mental retardation|Mental disability|Increased upper airway secretion|Hearing impaired|Psychotic disorder|Paranoia|Dysphonia|Oropharyngeal blistering|Pneumonia|Urticaria|Angioedema|Atrial fibrillation|Bipolar disorder|Bipolar I disorder|Cholecystitis|Infection|Dermatitis exfoliative|Drug eruption|Eosinophilia|Epiglottitis|Gastrointestinal disorder|Haemolysis|Nodule|Otitis media|Pancreatic insufficiency|Optic neuritis|Papilloedema|Pericardial effusion|Pericarditis|Sarcoidosis|Erythema multiforme|Stevens-Johnson syndrome|Suicide attempt|Thyroid neoplasm|Venous thrombosis|Encephalopathy|Orthopnoea|Acute myocardial infarction|Skin disorder|Hallucination, auditory|Hallucination, visual|Sepsis|Toxic skin eruption|Psychiatric decompensation|Infestation|Completed suicide|Porphyria non-acute|Cerebral ischaemia|A disorder characterized by a decrease or absence of blood supply to the brain caused by obstruction (thrombosis or embolism) of an artery resulting in neurological damage.|Respiratory failure|Exfoliative rash|Aspermia|Coronary artery disease|Pleural fibrosis|Mental disorder|Breast disorder|Connective tissue disorder|Cyst|Endocrine disorder|Eye disorder|Cardiac disorder|Hypersensitivity|Immune system disorder|Mediastinal disorder|Neoplasm|Nervous system disorder|Polyp|Urethral disorder|Urinary tract disorder|Angiopathy|Injection site reaction|Malnutrition|Hepatobiliary disease",1,1,in combination with Ribavirin and Peginterferon alfa-2a/Peginterferon alfa-2b: fatigue|anemia|nausea|headache|dysgeusia,4,NA,NA,NA,NA,NA,in silico,[H][C@]12CN([C@H](C(=O)NC(CC3CCC3)C(=O)C(N)=O)[C@@]1([H])C2(C)C)C(=O)[C@@H](NC(=O)NC(C)(C)C)C(C)(C)C,NA,https://doi.org/10.1101/2020.01.31.929547,
Nonstructural protein 5A HCV,Q5L478,Daclatasvir,0,0,DB09102,CHEMBL2023898,25154714,"-8,9",Small Molecule,HBV Reactivation in Patients Coinfected with HCV and HBV|Headache|fatigue|nausea|diarrhea|abdominal pain|arthralgia. insomnia|somnolence|dizziness|anemia|rash,0,1,headache|fatigue|nausea|diarrhea|rash|insomnia|anemia|dizziness|somnolence|bradycardia,4|-1,13-1.086 pM,NA,10.5-25.5 µM,NA,HCV 1-5,human cell lines,CC(C)C(C(=O)N1CCCC1C2=NC=C(N2)C3=CC=C(C=C3)C4=CC=C(C=C4)C5=CN=C(N5)C6CCCN6C(=O)C(C(C)C)NC(=O)OC)NC(=O)OC,No significant similarity found,https://doi.org/10.1101/2020.01.31.929547,
Genome polyprotein,P26664,Danoprevir,0,0,DB11779,CHEMBL258734,11285588,"-7,7",Small Molecule,Anaemia|Neutropenia|Pancytopenia|Thrombocytopenia|Coronary artery disease|Supraventricular tachycardia|Non-acute Porphyria|Upper Abdominal pain|Pancreatitis|Ascites|Haematemesis|Oral Hemorrhage|Acute Pancreatitis|Asthenia|Chest Pain|Fatigue|Pneumonia|Infectious Skin Disease|Nerve injury|Weight Loss|blood cell count loss|Platelet count loss|Anorexia|Hyponatraemia|Arthritis|Muscle Weakness|Musculoskeletal Pain|Myositis|Rheumatoid Arthritis|Hypoaesthesia|Unconsciousness|Peripheral Nervous System Diseases|Sciatica|Depression|Psychological Distress|Insomnia|Mood changes|Acute kidney injury|Asthma|Epistaxis|Pulmonary embolism|Alopecia|Venous Thrombosis|Internal hemorrhage,0,1,NA,3,0.002 µM,NA,100 µM,NA,HCVsg 1b(con1)-Rluc,Huh 7.5 cells,CC(C)(C)OC(=O)N[C@H]1CCCCC\C=C/[C@@H]2C[C@]2(NC(=O)[C@@H]2C[C@H](CN2C1=O)OC(=O)N1CC2=CC=CC(F)=C2C1)C(=O)NS(=O)(=O)C1CC1,No significant similarity found,https://doi.org/10.1101/2020.01.31.929547|https://doi.org/10.1128/AAC.02777-13,
Human immunodeficiency virus type 1 protease HIV-1,Q72874,Darunavir,0,0,DB01264  ,CHEMBL1323,213039,"-7,1",Small Molecule,Vomiting|Diarrhoea|Rash|Pruritus|Decreased appetite|Hyperuricaemia|Hyperglycaemia|Headache|Abdominal pain|Nausea|Blood amylase increased|Hypoalbuminaemia|Hypertriglyceridaemia|Fatigue|Flatulence|Blood triglycerides increased|Hyperbilirubinaemia|Gamma-glutamyltransferase increased|Abdominal distension|Hypoglycaemia|Anorexia|Insomnia|Constipation|Dizziness|Asthenia|Hypocalcaemia|Hyponatraemia|Angina pectoris|Dysuria|Flushing|Gynaecomastia|Herpes simplex|Hypersensitivity|Hypothyroidism|Nocturia|Proteinuria|Renal failure|Tachycardia|Pollakiuria|Vertigo|Blood creatinine increased|Erectile dysfunction|Nephrolithiasis|Blood thyroid stimulating hormone increased|Renal failure acute|Hypertension|Myocardial infarction|Confusional state|Diabetes mellitus|Disorientation|Drug eruption|Eosinophilia|Toxic epidermal necrolysis|Palpitations|Rhabdomyolysis|Sinus bradycardia|Acute myocardial infarction|Creatinine low|Acute generalised exanthematous pustulosis|Pancreatitis acute|Alopecia|Anaemia|Angioedema|Anxiety|Arthralgia|Arthritis|Autoimmune disorder|Mental disorder|Breast disorder|Burning mouth syndrome|Transient ischaemic attack|Cheilitis|Chest pain|Cholestasis|Clostridial infection|Tongue coated|Connective tissue disorder|Cough|Cryptosporidiosis infection|Libido decreased|Dermatitis|Dermatitis atopic|Drug hypersensitivity|Dysgeusia|Dyspepsia|Dyspnoea|Eczema|Endocrine disorder|Grand mal convulsion|Petit mal epilepsy|Epistaxis|Eructation|Erythema multiforme|Eye disorder|Facial paralysis|Body temperature increased|Folliculitis|Gastritis|Gastrooesophageal reflux disease|Gastrointestinal disorder|Gout|Basedow's disease|Cardiac disorder|Haematemesis|Haematuria|Haemorrhage|Hepatitis|Hepatitis B|Hepatitis C|Hepatomegaly|Hiccups|Hypercholesterolaemia|Hyperhidrosis|Hyperkalaemia|Hyperlipidaemia|Hypernatraemia|Hypertrophy of breast|Hypoaesthesia|Immune system disorder|Inflammation|Insulin resistance|Irritability|Jaundice|Lethargy|Progressive multifocal leukoencephalopathy|Leukopenia|Lipodystrophy|Hepatic cirrhosis|Lymphoma|Mediastinal disorder|Myocarditis|Myositis|Nasopharyngitis|Neoplasm|Nervous system disorder|Neuromyopathy|Neutropenia|Night sweats|Nightmare|Obesity|Opportunistic infection|Osteonecrosis|Osteopenia|Osteoporosis|Pain|Pain in extremity|Pancreatitis|Pancytopenia|Paraesthesia|Neuropathy peripheral|Pneumothorax|Polyuria|Prurigo|Acute respiratory distress syndrome|Seborrhoeic dermatitis|Convulsion|Skin lesion|Muscle spasms|Stevens-Johnson syndrome|Stomatitis|Aphthous stomatitis|Cerebrovascular accident|Syncope|Thrombocytopenia|Erythema|Urinary tract disorder|Urticaria|Angiopathy|Hepatitis viral|Weight increased|Weight decreased|Xeroderma|Dry mouth|B-cell lymphoma|Chills|Polydipsia|Hepatic failure|Agitation|Mood swings|Oedema peripheral|Pancreatitis chronic|Altered state of consciousness|Amylase increased|Congenital musculoskeletal anomaly|Swelling face|Liver function test abnormal|Muscular weakness|Aspartate aminotransferase increased|Alanine aminotransferase increased|Dry skin|Joint stiffness|Malnutrition|Unspecified disorder of skin and subcutaneous tissue|Metabolic acidosis|Malaise|Myalgia|Increased appetite|Abdominal discomfort|Retching|Disturbance in attention|Memory impairment|Abnormal dreams|Hepatotoxicity|Hepatic enzyme increased|Encephalitis cytomegalovirus|Oesophageal candidiasis|Sepsis|Xerosis|Rectal haemorrhage|Hepatobiliary disease|Hepatitis acute|Eye swelling|Blood bilirubin increased|Dry eye|Hepatic cancer|Rash maculo-papular|Rigors|Bradycardia|Rash generalised|Buffalo hump|Toxic skin eruption|Electrocardiogram abnormal|Chronic hepatitis B|Visual disturbance|Low density lipoprotein increased|Lipase increased|Lip dry|Sensation of heaviness|Drug interaction|Throat irritation|Pharyngeal lesion|Hyperlactacidaemia|Infestation NOS|Blood and lymphatic system disorders|Ear and labyrinth disorders|Sleep disorder|Sleep phase rhythm disturbance|Completed suicide|Blood alkaline phosphatase increased|Blood creatine phosphokinase increased|Fat redistribution|Cytolytic hepatitis|Musculoskeletal stiffness|Nail pigmentation|Respiratory failure|Rhinorrhoea|Ischaemic cerebral infarction|Lipohypertrophy|Lipoatrophy|Feeling abnormal|Renal impairment|Renal tubular necrosis|Conjunctival hyperaemia|Eosinophil count increased|Ageusia|Hepatic steatosis|Somnolence|Feeling hot,1,1,treatment in case of overdose employs general supportive measures,4,NA,Rat: 2.5482 mol/kg,133 µM,NA,NA,NA,CC(C)CN(CC(C(CC1=CC=CC=C1)NC(=O)OC2COC3C2CCO3)O)S(=O)(=O)C4=CC=C(C=C4)N,No significant similarity found,https://doi.org/10.1101/2020.01.31.929547,
Integrase HIV-1,Q7ZJM1,Dolutegravir,0,0,DB08930,CHEMBL1229211,54726191,"-8,3",Small Molecule,Hyperglycaemia|Alanine aminotransferase increased|Headache|Insomnia|Nausea|Diarrhoea|Dizziness|Rash|Abnormal dreams|Vertigo|Abdominal pain|Autoimmune disorder|Mental disorder|Drug eruption|Fatigue|Flatulence|Gastrointestinal disorder|Basedow's disease|Hepatitis|Hepatitis C|Hypersensitivity|Immune system disorder|Inflammation|Musculoskeletal disorder|Myositis|Nervous system disorder|Neutropenia|Opportunistic infection|Prurigo|Pruritus|Urinary tract disorder|Vomiting|Unspecified disorder of skin and subcutaneous tissue|Rash macular|Abdominal discomfort|Abdominal pain upper|Hepatobiliary disease|Rash maculo-papular|Rash generalised|Serum creatinine increased|Bilirubin total increased|Fat redistribution|Renal impairment,1,1,"no neoplasm, genotoxic, mating or fertility adverse effects",4,<1 nM,NA,,,HIVBaL,humanized mice (HSC-NSG),C[C@@H]1CCO[C@@H]2N1C(=O)C3=C(C(=O)C(=CN3C2)C(=O)NCC4=C(C=C(C=C4)F)F)O,No significant similarity found,https://doi.org/10.1101/2020.01.31.929547,
Reverse transcriptase/RNaseH,Q72547,Efavirenz,0,0,DB00625,CHEMBL223228,64139,"-6,7",Small Molecule,Loose stools|Body temperature increased|Cough|Syncope|Discomfort|Vomiting|Erythema|Rash|Diarrhoea|Dizziness|Pain|Headache|Nausea|Pruritus|Disturbance in attention|Fatigue|Abdominal pain|Depression|Dyspepsia|Insomnia|Dermatitis exfoliative|Toxic epidermal necrolysis|Necrosis|Anxiety|Anorexia|Flatulence|Haematuria|Nervousness|Abnormal dreams|Amnesia|Confusional state|Hallucination|Vertigo|Affect lability|Thinking abnormal|Euphoric mood|Hepatitis acute|Somnolence|Suicidal ideation|Aggression|Suicide attempt|Vision blurred|Arthralgia|Asthenia|Ataxia|Constipation|Delusion|Dyspnoea|Erythema multiforme|Flushing|Gynaecomastia|Hepatitis|Hypercholesterolaemia|Hypersensitivity|Hypertriglyceridaemia|Hypoaesthesia|Malabsorption|Myopathy|Nail disorder|Neurosis|Palpitations|Pancreatitis|Paraesthesia|Psychotic disorder|Rhabdomyolysis|Convulsion|Stevens-Johnson syndrome|Suicide|Tinnitus|Tremor|Hepatic failure|Agitation|Mood swings|Skin discolouration|Photocontact dermatitis|Myalgia|Mania|Neuropathy|Coordination abnormal|Completed suicide|Fat redistribution|Paranoia|Abnormal vision|Lactic acidosis|Alopecia|Anaemia|Anencephaly|Angioedema|Anophthalmos|Apnoea|Arrhythmia|Asthma|Autoimmune disorder|Back pain|Blister|Breast disorder|Cachexia|Neoplasm malignant|Chest pain|Cleft palate|Connective tissue disorder|Delirium|Depersonalisation|Dermatitis|Diplopia|Drowsiness|Dysgeusia|Eczema|Endocrine disorder|Enzyme induction|Erythema nodosum|Eye disorder|Fanconi syndrome|Fasting|Flank pain|Folliculitis|Fracture|Gastrointestinal disorder|Glaucoma|Glycosuria|Basedow's disease|Cardiac disorder|Cardiac failure congestive|Hepatomegaly|Hyperglycaemia|Hypertension|Hypertrophy of breast|Hypokalaemia|Immune system disorder|Inflammation|Insulin resistance|Iritis|Jaundice|Calculus of kidney|Renal failure acute|Nephrosis lower nephron|Lipodystrophy|Lipidosis|Lipoma|Mediastinal disorder|Nasopharyngitis|Nephritis interstitial|Nervous system disorder|Neuralgia|Neuritis|Obesity|Opportunistic infection|Osteomalacia|Osteonecrosis|Pancytopenia|Paresis|Neuropathy peripheral|Pneumonia|Polyuria|Pregnancy|Proteinuria|Renal failure|Rhinitis|Sinusitis|Skin disorder|Speech disorder|Sweating|Tachycardia|Thrombocytopenia|Thrombophlebitis|Ulcer|Upper respiratory tract infection|Urinary tract disorder|Urticaria|Angiopathy|Common wart|Dry mouth|Stupor|Apathy|Rash pustular|Oedema peripheral|Hypophosphataemia|Migraine|Alcohol intolerance|Amylase increased|Creatinine increased|Necrolysis epidermal|Manic psychosis|Muscular weakness|Bone pain|Paranoid reaction|Vesiculobullous rash|Nephrogenic diabetes insipidus|Polyarthritis|Malnutrition|Photosensitivity reaction|Skin hyperpigmentation|Unspecified disorder of skin and subcutaneous tissue|Lightheadedness|Malaise|Teratogenicity|Psychiatric symptom|Neurological symptom|Muscle contractions involuntary|Cerebration impaired|Hepatotoxicity|Depression aggravated|Hepatic enzyme increased|Skin exfoliation|Hepatobiliary disease|Hepatitis C antibody positive|Eruption|Blood bilirubin increased|Enlargement abdomen|Influenza-like symptoms|Rash maculo-papular|Serum amylase increased|Rash generalised|Buffalo hump|Cough increased|Hot flush|Sweating increased|Hyperlactacidaemia|Infestation NOS|Ear and labyrinth disorders|Parosmia|High cholesterol|Renal impairment|Rash recurrent|Breast enlargement|Hepatic steatosis,1,1,NA,4,0.0024 µM,Rat: 2.5416 mol/kg,40.6 μM,NA,HIV-1,T cell line,FC(F)(F)[C@]1(OC(=O)NC2=C1C=C(Cl)C=C2)C#CC1CC1,No significant similarity found,https://doi.org/10.1371/journal.pone.0130277|https://doi.org/10.3390/molecules24193486,
"DNA(guanine analogue,inhibits viral repliction)",NA,Entecavir,0,0,DB00442,CHEMBL713,135398508,"-7,2",Small Molecule,Oedema peripheral|Ascites|Body temperature increased|Hepatic encephalopathy|Upper respiratory tract infection|Haematuria|Glycosuria|Fatigue|Abdominal pain upper|Headache|Nausea|Blood bicarbonate decreased|Dizziness|Hyperglycaemia|Diarrhoea|Dyspepsia|Renal failure|Vomiting|Insomnia|Somnolence|Lactic acidosis|Alopecia|Rash|Gastrointestinal disorder|Immune system disorder|Lactose intolerance|Leukopenia|Neutropenia|Pancreatitis|Malnutrition|Unspecified disorder of skin and subcutaneous tissue|Hepatobiliary disease|Anaphylactoid reaction|Platelet count decreased|Transaminases increased|Blood and lymphatic system disorders|Decompensated cirrhosis|Abdominal pain|Mental disorder|Hepatitis|Hepatitis B|Hepatomegaly|Hepatorenal syndrome|Immunodeficiency|Nervous system disorder|Upper gastrointestinal haemorrhage|Viraemia|Hepatic failure|Infection mixed|Hepatitis B e antigen positive|Laboratory test abnormal|Serum creatinine increased|Hepatocellular carcinoma|Product taste abnormal,1,1,treatment in case of overdose employs general supportive measures,4,2.8-7.8 nM,Rat: 2.3879 mol/kg,NA,NA,HBV,HepG2 human hepatoma cells,C=C1C(CC(C1CO)O)N2C=NC3=C2N=C(NC3=O)N,NA,https://doi.org/10.1101/2020.01.31.929547|https://doi.org/10.1128/JVI.02395-06,
Gag-Pol polyprotein HIV-1Gag-Pol polyprotein HIV-1,P03366|P04585,Etravirine,0,0,DB06414  ,CHEMBL308954,193962,"-7,2",Small Molecule,Rash|Nausea|Diarrhoea|Neuropathy peripheral|Fatigue|Abdominal pain|Hypertension|Headache|Vomiting|Connective tissue disorder|Toxic epidermal necrolysis|Hypersensitivity|Immune system disorder|Rhabdomyolysis|Hepatic failure|Unspecified disorder of skin and subcutaneous tissue|Abdominal distension|Amnesia|Anaemia|Haemolytic anaemia|Angina pectoris|Angioedema|Anorexia|Anxiety|Atrial fibrillation|Autoimmune disorder|Mental disorder|Blister|Breast disorder|Bronchospasm|Confusional state|Conjunctivitis|Constipation|Diabetes mellitus|Drug hypersensitivity|Eosinophilia|Erythema multiforme|Eye disorder|Body temperature increased|Flatulence|Gastritis|Gastrooesophageal reflux disease|Gastrointestinal disorder|Basedow's disease|Gynaecomastia|Cardiac disorder|Haematemesis|Blood disorder|Hepatitis|Hepatitis B|Hepatitis C|Hepatomegaly|Hypercholesterolaemia|Hyperglycaemia|Hyperhidrosis|Hyperlipidaemia|Hypertriglyceridaemia|Hypertrophy of breast|Hypoaesthesia|Inflammation|Renal failure acute|Lipodystrophy|Mediastinal disorder|Myocardial infarction|Nervous system disorder|Nervousness|Night sweats|Nightmare|Opportunistic infection|Osteonecrosis|Pancreatitis|Paraesthesia|Prurigo|Renal failure|Convulsion|Stevens-Johnson syndrome|Stomatitis|Syncope|Thrombocytopenia|Tremor|Urinary tract disorder|Angiopathy|Vertigo|Dry mouth|Oral lesion|Swelling face|Dry skin|Haemoglobin decreased|Malnutrition|Rash vesicular|Malaise|Dyspnoea exertional|Retching|Disorientation|Disturbance in attention|Discomfort|Ache|Abnormal dreams|Dyslipidaemia|Hepatobiliary disease|Infection mixed|Vision blurred|Buffalo hump|Chronic hepatitis B|Haemorrhagic stroke|Blood and lymphatic system disorders|Ear and labyrinth disorders|Sleep disorder|Lipodystrophy acquired|Hypersomnia|Insomnia|Cytolytic hepatitis|Sluggishness|Lipohypertrophy|Hepatic steatosis|Somnolence,1,1,NA,4,NA,"Rat, male and female: > 640 mg/kg",NA,NA,NA,NA,CC1=CC(=CC(=C1OC2=NC(=NC(=C2Br)N)NC3=CC=C(C=C3)C#N)C)C#N,No significant similarity found|No significant similarity found,https://doi.org/10.1101/2020.01.31.929547,
Human immunodeficiency virus type 1 protease,Q72874,Fosamprenavir,0,0,DB01319,CHEMBL1664,131536,-7,Small Molecule,"Black, tarry stools|chills|cough|fever|lower back or side pain|painful or difficult urination|pale skin|skin rash|sore throat|ulcers, sores, or white spots in the mouth|unusual bleeding or bruising|unusual tiredness or weakness",1,1,NA,4,8.6 µM,Rat: 2.5018 mol/kg,>44.6 µM,>4000,NA,NA,CC(C)CN(CC(C(CC1=CC=CC=C1)NC(=O)OC2CCOC2)OP(=O)([O-])[O-])S(=O)(=O)C3=CC=C(C=C3)N.[Ca+2],No significant similarity found,https://doi.org/10.20944/preprints202002.0242.v2,
RNA-directed RNA polymerase L Zaire ebolavirus,Q05318,Galidesivir,0,0,DB11676,CHEMBL1236524,10445549,"-6,4",Small Molecule,NA,0,0,NA,1,3-68 µM,NA,NA,NA,MERS-CoV|SARS-CoV,in vitro cell lines,O[C@H]3[C@H](c2c1ncnc(N)c1[nH]c2)N[C@H](CO)[C@H]3O,No significant similarity found,https://doi.org/10.1016/j.jpha.2020.03.001|https://doi.org/10.1038/nature13027,
Human herpesvirus 1 DNA polymerase ,B9VQF8|P04293|Q09IA3,Ganciclovir,1,0,DB01004,CHEMBL182,135398740,,Small Molecule,Vision blurred|Body temperature increased|Diarrhoea|Nausea|Tremor|Eye irritation|Neutropenia|Anaemia|Infection|Headache|Transplant rejection|Hypertension|Insomnia|Cough|Retinal detachment|Renal impairment|Vomiting|Renal failure|Abdominal pain|Oedema|Paraesthesia|Neuropathy peripheral|Thrombocytopenia|Sepsis secondary|Confusional state|Pleural effusion|Punctate keratitis|Conjunctival hyperaemia|Anorexia|Pneumocystis jirovecii pneumonia|Sepsis|Injection site infection|Blood alkaline phosphatase increased|Chest pain|Pain|Productive cough|Sinus congestion|Pruritus|Hypoaesthesia|Blood creatinine increased|Blood culture positive|Lymphadenopathy|Dysphagia|Injection site inflammation|Anxiety|Arthralgia|Leukopenia|Oesophageal candidiasis|Flatulence|Loose stools|Asthenia|Malaise|Congenital anomaly|Acidosis|Anaphylactic shock|Haemolytic anaemia|Anosmia|Arthritis|Bronchospasm|Cholelithiasis|Cholestasis|Dermatitis exfoliative|Facial paralysis|Hallucination|Cardiac arrest|Haemolytic uraemic syndrome|Hepatitis|Hypercalcaemia|Hypersensitivity|Hyponatraemia|Infertility|Irritability|IIIrd nerve paralysis|Pulmonary fibrosis|Rhabdomyolysis|Spinal cord disorder|Stevens-Johnson syndrome|Cerebrovascular accident|Torsade de pointes|Vasculitis|Ventricular tachycardia|Encephalopathy|Hepatic failure|Cataract|Intracranial pressure increased|Renal tubular disorder|Intestinal ulcer|Peripheral ischaemia|Dry eye|Dysaesthesia|Dysphasia|Abdominal distension|Abscess|Agranulocytosis|Alopecia|Amblyopia|Amnesia|Aplastic anaemia|Hypochromic anaemia|Arrhythmia|Ascites|Ataxia|Back pain|Mental disorder|Cachexia|Cellulitis|Neck pain|Coma|Conjunctivitis|Connective tissue disorder|Constipation|Deafness|Libido decreased|Dehydration|Dermatitis|Dizziness|Dysgeusia|Dyspepsia|Dyspnoea|Dysuria|Ear pain|Emotional disturbance NOS|Eosinophilia|Eructation|Oesophagitis|Rash|Eye haemorrhage|Fatigue|Faecal incontinence|Gastritis|Gastrointestinal disorder|Gastrointestinal haemorrhage|Glaucoma|Haematuria|Haemorrhage|Herpes simplex|Hyperglycaemia|Hyperkalaemia|Hypocalcaemia|Hypokalaemia|Hypotension|Inappropriate antidiuretic hormone secretion|Ischaemia|Jaundice|Jaundice cholestatic|Renal failure acute|Cramps of lower extremities|Breast pain|Mediastinal disorder|Melaena|Multi-organ failure|Cramp muscle|Hypertonia|Myoclonus|Nasopharyngitis|Nervousness|Pain in extremity|Postoperative pain|Pancreatitis|Pancytopenia|Pharyngitis|Phlebitis|Pneumonia|Postoperative complications NOS|Psychotic disorder|Rhinitis|Convulsion|Splenomegaly|Aphthous stomatitis|Postoperative wound infection|Sweating|Tachycardia|Thrombophlebitis|Tinnitus|Tongue disorder|Trismus|Upper respiratory tract infection|Pollakiuria|Urinary tract infection|Urinary tract disorder|Urticaria|Angiopathy|Vertigo|Weight decreased|Dry mouth|Chills|Ventricular arrhythmia|Agitation|Mood swings|Photophobia|Oedema peripheral|Hypophosphataemia|Hepatic function abnormal|Lower respiratory tract infection|Mouth ulceration|Migraine|Neck stiffness|Injection site abscess|Creatinine renal clearance decreased|Creatinine increased|Drug level increased|Injection site swelling|Fixed eruption|Gastrointestinal perforation|Injection site haemorrhage|Hypomagnesaemia|Injection site reaction|Kidney function abnormal|Lactic dehydrogenase activity increased|Liver function test abnormal|Manic psychosis|Bone marrow depression|Mucous membrane disorder|Bone pain|Eye pain|Injection site pain|Vesiculobullous rash|Aspartate aminotransferase increased|Alanine aminotransferase increased|Skin discolouration|Dry skin|Vitreous disorder|Malnutrition|Photosensitivity reaction|Unspecified disorder of skin and subcutaneous tissue|Blood urine|Myalgia|Decreased appetite|Thinking abnormal|Abnormal dreams|Euphoric mood|Creatinine low|Erectile dysfunction|Wound dehiscence|Hepatobiliary disease|Enlargement abdomen|Rash maculo-papular|Hyperkinesia|Rigors|Laboratory test abnormal|Neuropathy|Blindness|Injection site thrombosis|Injection site phlebitis|Face oedema|Myasthenic syndrome|Cough increased|Gait disturbance|Blood glucose decreased|Nephrotoxicity|Catheter infection|Catheter sepsis|Infestation NOS|Blood creatine phosphokinase increased|Blood magnesium decreased|Serum urea increased|Catheter related infection|Myasthenia|Rhinorrhoea|Attention deficit/hyperactivity disorder|Somnolence|Abnormal vision,1,1,"32% of patients, require withdrawal, hematologische Veränderungen in 40% https://doi.org/10.2165/00003495-199039040-00008",4,1.65 µg/ml,Oral LD50 (mouse): >2 g/kg,461µg/ml,NA,murine cytomegalovirus(MCMV),in vivo in mice,NC1=NC2=C(N=CN2COC(CO)CO)C(=O)N1,No significant similarities found,https://doi.org/10.3201/eid1004.030458|https://doi.org/10.1016/0166-3542(95)00051-M,
"HepC serine protease, NS3/NS4A",D2K2A8,Grazoprevir,0,0,DB11575,CHEMBL2063090,44603531,"-8,1",Small Molecule,"218 patients: kein Abbruch in 12 Wochen, aber Müdigkeit in 23%, Kopfschmerzen in 20, Übelkeit in 15%, Durchfall in 10% http://dx.doi.org/10.1016/S0140-6736(14)61793-1",0,1,fatigue|headache|nausea,4,0.2-0.7 nM,"LC50 (Rat): > 5.8 mg/l|LD50 (Rat): > 2,000 mg/kg",NA,NA,HCV,in silico,COC1=CC2=NC3=C(CCCCC[C@@H]4C[C@H]4OC(=O)N[C@H](C(=O)N4C[C@@H](C[C@H]4C(=O)N[C@@]4(C[C@H]4C=C)C(=O)NS(=O)(=O)C4CC4)O3)C(C)(C)C)N=C2C=C1,No significant similarities found,https://doi.org/10.31219/osf.io/hczra,
HIV1 protease,Q72874,Indinavir,0,0,DB00224,CHEMBL115,5362440,"-8,2",Small Molecule,Dry skin|Nausea|Abdominal pain|Vomiting|Headache|Asthenia|Fatigue|Diarrhoea|Alanine aminotransferase increased|Somnolence|Anorexia|Aspartate aminotransferase increased|Dysgeusia|Nephrolithiasis|Urolithiasis|Serum amylase increased|Regurgitation|Body temperature increased|Pruritus|Malaise|Platelet count decreased|Back pain|Increased appetite|Insomnia|Anaemia|Dry mouth|Flank pain|Rash|Cough|Dizziness|Dyspepsia|Haemoglobin decreased|Glucose increased|Dysuria|Jaundice|Creatinine increased|Dyspnoea|Abdominal distension|Alopecia|Angina pectoris|Arthralgia|Bacteraemia|Cardiovascular disorder|Cerebrovascular disorder|Diabetes mellitus|Erythema multiforme|Haemorrhage|Hepatitis|Hyperglycaemia|Hypersensitivity|Renal failure acute|Myocardial infarction|Ingrowing nail|Nephritis interstitial|Pancreatitis|Paronychia|Periarthritis|Pyelonephritis|Renal failure|Stevens-Johnson syndrome|Urticaria|Vasculitis|Hepatic failure|Crystalluria|Skin hyperpigmentation|Anaphylactoid reaction|Paraesthesia oral|White blood cells urine positive|Cholesterol serum elevated|Haemophilia|Serum triglycerides increased|Fat redistribution|Acute haemolytic anaemia|Renal impairment|Acquired immunodeficiency syndrome|Anaphylactic shock|Haemolytic anaemia|Angioedema|Anxiety|Anxiety disorder|Autoimmune disorder|Bruxism|Cheilitis|Chest pain|Cholecystitis|Cholestasis|Connective tissue disorder|Constipation|Dermatitis|Dermatitis contact|Oedema|Eructation|Fasciculation|Flatulence|Flushing|Folliculitis|Food allergy|Gastritis|Gastrointestinal disorder|Gingival bleeding|Gingivitis|Glossodynia|Basedow's disease|Breath odour|Haematuria|Herpes simplex|Herpes zoster|Hydronephrosis|Hyperbilirubinaemia|Hypercholesterolaemia|Hyperaemia|Hypertriglyceridaemia|Hypoaesthesia|Immune system disorder|Inflammation|Insulin resistance|Leg pain|Lipomatosis|Hepatic cirrhosis|Cramp muscle|Musculoskeletal pain|Fungal infection|Myositis|Nephritis|Nervous system disorder|Nervousness|Neuralgia|Neurosis|Night sweats|Nocturia|Opportunistic infection|Osteonecrosis|Pain|Palpitations|Sinus disorder|Paraesthesia|Neuropathy peripheral|Pharyngitis|Pneumonia|Premenstrual syndrome|Proteinuria|Pyuria|Rales|Rhabdomyolysis|Rhonchi|Seborrhoeic dermatitis|Shoulder pain|Sinusitis|Skin disorder|Skin infection|Spleen disorder|Aphthous stomatitis|Sweating|Swelling|Syncope|Taste disorders|Thrombocytopenia|Tremor|Upper respiratory tract infection|Pollakiuria|Urinary tract infection|Urinary tract disorder|Vertigo|Weight increased|Chills|Body odor|Agitation|Allergic cutaneous angiitis|Neutrophil count increased|Muscular weakness|Eye pain|Renal colic|Accommodation disorder|Malnutrition|Unspecified disorder of skin and subcutaneous tissue|Myalgia|Excitement|Urine abnormality|Microscopic hematuria|Hepatobiliary disease|Eye swelling|Gastric flu|Vision blurred|Dysaesthesia|Orbital oedema|Stiffness|Lymphadenopathy|Influenza like illness|Bilirubin unconjugated increased|Hyperlactacidaemia|Blood and lymphatic system disorders|Sleep disorder|Respiratory failure|Lipoatrophy,1,1,myocardial infarction|angina pectoris,4,21 nM,"LD50 >5g/kg (mouse, rat)",75 µM,NA,HIV-2 strains,CHO cells in vitro,CC(C)(C)NC(=O)[C@@H]1CN(CC2=CN=CC=C2)CCN1C[C@@H](O)C[C@@H](CC1=CC=CC=C1)C(=O)N[C@@H]1[C@H](O)CC2=CC=CC=C12,No significant similarities found,https://doi.org/10.1016/j.bbrc.2004.04.083|https://www.ncbi.nlm.nih.gov/pmc/articles/PMC5644950|https://doi.org/10.1097/QAD.0000000000001488|https://doi.org/10.1097/QAI.0b013e3182653c1f,
HIV1 RdRp,Q72547,Lamivudine,1,0,DB00709,CHEMBL141,60825,,Small Molecule,Headache|Fatigue|Malaise|Respiratory tract infection|Gastrointestinal pain|Cough|Throat sore|Diarrhoea|Body temperature increased|Nausea|Stomatitis|Chills|Abdominal pain|Hepatomegaly|Lymphadenopathy|Rhinorrhoea|Infection|Discomfort|Abdominal discomfort|Musculoskeletal pain|Neuropathy|Pain|Wheezing|Creatine phosphokinase increased|Breath sounds abnormal|Sleep disorder|Splenomegaly|Vomiting|Viral infection|Anorexia|Sweating|Decreased appetite|Other sleep disturbances|Insomnia|Gastrointestinal infection|Sinusitis|Rash|Myalgia|Fungal skin infection|Gastrointestinal discomfort|Folliculitis|Acne|Bronchitis|Arthralgia|Dyspepsia|Cramp muscle|Myopathy|Abdominal pain upper|Sweating increased|Hyperlactacidaemia|Viral skin infection|Depressive disorder|Dizziness|Gas|Liver function test abnormal|Inflammation|Respiration abnormal|Abdominal cramps|Abdominal distension|Neutropenia|Pharyngitis|Dry mouth|Mouth ulceration|Affective disorder|Lactic acidosis|Alopecia|Anaphylactic shock|Anaemia|Angioedema|Asthenia|Hepatitis|Hepatitis B|Hyperglycaemia|Hypersensitivity|Pancreatitis|Paraesthesia|Neuropathy peripheral|Pruritus|Aplasia pure red cell|Rhabdomyolysis|Thrombocytopenia|Urticaria|Muscular weakness|Blood and lymphatic system disorders|Hepatic steatosis|Acidosis|Agranulocytosis|Amblyopia|Aplastic anaemia|Anxiety|Autoimmune disorder|Back pain|Bone disorder|Chest pain|Confusional state|Connective tissue disorder|Constipation|Dysphagia|Dehydration|Dysgeusia|Dyspnoea|Dysuria|Oedema|Epistaxis|Eructation|Erythema multiforme|Flatulence|Gastroenteritis|Gastrointestinal disorder|Gingival bleeding|Basedow's disease|Gynaecomastia|Blood disorder|Chronic hepatitis|Hepatitis C|Hoarseness|Hyperpathia|Hypercholesterolaemia|Hypertriglyceridaemia|Hypertrophy of breast|Hypoaesthesia|Hypoglycaemia|Hypotension|Immune system disorder|Influenza|Insulin resistance|Jaundice|Leukopenia|Lipodystrophy|Mediastinal disorder|Muscle atrophy|Nervous system disorder|Nervousness|Opportunistic infection|Pancytopenia|Phlebitis|Polyuria|Pregnancy|Rhinitis|Convulsion|Skin infection|Muscle spasms|Stevens-Johnson syndrome|Suicide|Suicide attempt|Syncope|Taste disorders|Thirst|Tremor|Erythema|Pollakiuria|Vasculitis|Vasodilation|Vertigo|Body odor|Mood swings|Photophobia|Migraine|Amylase increased|Bone marrow depression|Aspartate aminotransferase increased|Alanine aminotransferase increased|Urinary hesitation|Malnutrition|Unspecified disorder of skin and subcutaneous tissue|Sickness|Hyperamylasaemia|Muscle twitching|Oedema auricular|Sepsis|Rectal haemorrhage|Hepatobiliary disease|Buffalo hump|Auricular swelling|Drug interaction|Hypoxemia|Dyspeptic signs and symptoms|Pancreatic enzymes abnormal|Fat redistribution|Raised liver function tests|Cardiomyopathy|Nail pigmentation|Sensitisation|Hearing impaired|Renal impairment|Mucosal pigmentation|Somnolence|Injury,1,1,>15% of patients: headache|nausea|malaise and fatigue|nasal signs|diarrhea|cough,4,70-200 nM,LD50: 427 mg/kg,NA,NA,HIV-1,PBMC in vitro,NC1=NC(=O)N(C=C1)[C@@H]1CS[C@H](CO)O1,No significant similarities found,https://doi.org/10.3201/eid1004.030458|https://doi.org/10.7554/eLife.28020|https://doi.org/10.1093/infdis/173.2.355,
HCV NS5B 1a;|HCV NS5B 1b,O39930_9HEPC,Lomibuvir,0,0,DB11954,CHEMBL3039503,24798764,-6,Small Molecule,NA,0,0,NA,2,22.3 nM|11.2 nM,NA,NA,NA,HCV 1a and 1b ,in silico,C[C@H]1CC[C@@H](CC1)C(=O)N([C@H]1CC[C@H](O)CC1)C1=C(SC(=C1)C#CC(C)(C)C)C(O)=O,No significant similarities found,https://doi.org/10.1101/2020.01.31.929547|https://www.journal-of-hepatology.eu/article/S0168-8278(09)60937-5/pdf,
Human immunodeficiency virus type 1 protease HIV-1,Q72874,Lopinavir,1,1,DB01601  ,CHEMBL729,92727,"-6,8",Small Molecule,"increased serum cholesterol|increased serum triglycerides|hyperglycemia|increased serum amylase|Bloating|blurred vision|chills|constipation|darkened urine|dry mouth|fast heartbeat|fever|flushed, dry skin|fruit-like breath odor|increased hunger|increased thirst|increased urination|indigestion|loss of appetite|loss of consciousness|nausea|pains in the stomach, side, or abdomen, possibly moving to the back|sweating|troubled breathing|unexplained weight loss|vomiting|yellow eyes or skin",0,1,in infants: cardiogenic shock|AV block|cardiomyopathy|lactic acidosis|acute renal failure,4,17-102 nM,2.2503 mol/kg,33 µM,NA,HIV-1,MT-2 cells in vitro,CC1=C(C(=CC=C1)C)OCC(=O)NC(CC2=CC=CC=C2)C(CC(CC3=CC=CC=C3)NC(=O)C(C(C)C)N4CCCNC4=O)O,No significant similarity found,https://doi.org/10.1056/NEJMoa2001282|https://doi.org/10.1056/NEJMoa2001282|https://doi.org/10.1016/j.ijid.2020.03.013|https://doi.org/10.7554/eLife.28020|https://www.ncbi.nlm.nih.gov/pmc/articles/PMC106025/,
HIV1 protease,O90777|Q72874_9HIV1,Nelfinavir,0,0,DB00220,CHEMBL584,64143,"-8,2",Small Molecule,Diarrhoea|Alanine aminotransferase increased|Nausea|Flatulence|Rash|Abdominal pain|Bronchospasm|Oedema|Body temperature increased|Hyperbilirubinaemia|Hypersensitivity|Jaundice|Leukopenia|Neutropenia|Torsade de pointes|Metabolic acidosis|Electrocardiogram QT corrected interval prolonged|Abdominal distension|Anaemia|Anorexia|Anxiety|Arthralgia|Arthritis|Asthenia|Back pain|Connective tissue disorder|Dehydration|Dermatitis|Fungal skin infection|Diabetes mellitus|Dizziness|Dyspepsia|Dyspnoea|Epistaxis|Erythema multiforme|Eye disorder|Folliculitis|Gastrointestinal disorder|Gastrointestinal haemorrhage|Headache|Haemorrhage|Hepatitis|Hyperglycaemia|Hyperlipidaemia|Hypertriglyceridaemia|Hypertrophy of breast|Hypoglycaemia|Immune system disorder|Inflammation|Insulin resistance|Iritis|Calculus of kidney|Lipodystrophy|Cramp muscle|Myopathy|Myositis|Opportunistic infection|Pain|Pancreatitis|Paraesthesia|Pharyngitis|Pneumonia|Pruritus|Rhabdomyolysis|Rhinitis|Convulsion|Sinusitis|Suicide|Sweating|Thrombocytopenia|Erythema|Urticaria|Angiopathy|Vomiting|Mood swings|Dermatitis bullous|Mouth ulceration|Migraine|Accidental injury|Liver function test abnormal|Aspartate aminotransferase increased|Haemoglobin decreased|Malnutrition|Unspecified disorder of skin and subcutaneous tissue|Malaise|Myalgia|Epigastric pain|Urine abnormality|Hepatic enzyme increased|Hepatobiliary disease|Rash maculo-papular|Hyperkinesia|Buffalo hump|Sexual dysfunction|Blood cholesterol increased|Hyperuricaemia|Hyperlactacidaemia|Sleep disorder|Blood amylase increased|Blood creatine phosphokinase increased|Fat redistribution|Insomnia|Myasthenia|Lipohypertrophy|Somnolence,1,1,thirst|hunger|unexplained weight loss|increased urination|fatigue|dry itchy skin,4,30-150 nM|60-650 nM,LD50: 5g/kg (rats),32 µM,NA,HIV-1,in silico|CEM-SS & MT-2 cells in vitro,[H][C@@]12CCCC[C@]1([H])CN(C[C@@H](O)[C@H](CSC1=CC=CC=C1)NC(=O)C1=C(C)C(O)=CC=C1)[C@@H](C2)C(=O)NC(C)(C)C,No significant similarity found,https://doi.org/10.1101/2020.01.27.921627|https://doi.org/10.1101/2020.01.28.922922|https://doi.org/10.1101/2020.02.25.965582|https://doi.org/10.7554/eLife.28020|https://doi.org/10.1128/AAC.45.4.1086-1093.2001,
HIV1 Integrase,Q7ZJM1|NA,Raltegravir,0,0,DB06817|DB05355,CHEMBL254316,54671008,"-8,5",Small Molecule,"Nausea|Malnutrition|Body temperature increased|Headache|Diarrhoea|Breast disorder|Infection|Cyst|Eye disorder|Cardiac disorder|Immune system disorder|Mediastinal disorder|Neoplasm|Nephritis|Nocturia|Polyp|Renal failure|Tubulointerstitial nephritis|Urinary tract disorder|Angiopathy|Nephrolithiasis|Infestation NOS|Anxiety|Mental disorder|Cerebellar ataxia|Connective tissue disorder|Depression|Drug eruption|Eosinophilia|Rash|Gastrointestinal disorder|Hypersensitivity|Liver disorder|Nervous system disorder|Rhabdomyolysis|Stevens-Johnson syndrome|Thrombocytopenia|Hepatic failure|Unspecified disorder of skin and subcutaneous tissue|Hepatobiliary disease|Suicidal ideation|Blood and lymphatic system disorders|Paranoia|Abdominal distension|Abdominal pain|Acquired immunodeficiency syndrome|Pancreatitis acute|Alopecia|Amnesia|Anaemia|Arthralgia|Arthritis|Asthenia|Autoimmune disorder|Back pain|Breast cancer|Bronchitis|Cachexia|Neoplasm malignant|Squamous cell carcinoma|Carpal tunnel syndrome|Neck pain|Cognitive disorder|Confusional state|Constipation|Cough|Delirium|Dermatitis|Diabetes mellitus|Dizziness|Drug hypersensitivity|Dysgeusia|Dyspepsia|Epistaxis|Eructation|Fasting|Fatigue|Flank pain|Flatulence|Folliculitis|Gastritis|Gastroenteritis|Gastrooesophageal reflux disease|Gingivitis|Glossitis|Glycosuria|Basedow's disease|Gynaecomastia|Hallucination|Hepatitis|Hepatitis B|Hepatitis alcoholic|Hepatitis C|Genital herpes|Herpes simplex|Herpes zoster|Herpes virus infection|Hypercholesterolaemia|Hyperglycaemia|Hyperhidrosis|Hyperlipidaemia|Hyperphagia|Hypertension|Hypoaesthesia|Inflammation|Influenza|Renal failure chronic|Lethargy|Lymphoma|Molluscum contagiosum|Myopathy|Musculoskeletal pain|Myocardial infarction|Nasal congestion|Nasopharyngitis|Neutropenia|Night sweats|Nightmare|Opportunistic infection|Osteopenia|Osteoporosis|Pain|Pain in extremity|Palpitations|Paraesthesia|Peptic ulcer|Neuropathy peripheral|Prurigo|Pruritus|Tension headache|Psychotic disorder|Kaposi's sarcoma|Skin lesion|Suicide attempt|Tendonitis|Tinnitus|Tremor|Erythema|Upper respiratory tract infection|Urticaria|Vertigo|Vomiting|Weight increased|Weight decreased|Xeroderma|Dry mouth|Chills|Polydipsia|Sinus bradycardia|Agitation|Mood swings|Oedema peripheral|Panic attack|Migraine|Blood urea increased|Creatine phosphokinase increased|Ventricular extrasystoles|Phosphatase alkaline increased|Aspartate aminotransferase increased|Alanine aminotransferase increased|Dry skin|Iron deficiency anaemia|Polyarthritis|Odynophagia|Rash macular|Blood urine|Malaise|Myalgia|Increased appetite|Decreased appetite|Abdominal discomfort|Abdominal pain upper|Abdominal tenderness|Disturbance in attention|Abnormal behaviour|Hallucination, auditory|Memory impairment|Discomfort|Abnormal dreams|Dermatitis acneiform|Dizziness postural|Cerebration impaired|Blood creatinine increased|Fat tissue increased|Chest discomfort|Menopausal symptoms|Dyslipidaemia|Erectile dysfunction|Lymph node abscess|Anal cancer|Acute psychosis|Blood bilirubin increased|Duodenitis haemorrhagic|Depressed mood|Skin papilloma|Platelet count decreased|Middle insomnia|Rash maculo-papular|Pruritus generalised|Lymphadenopathy|Face oedema|Feeling jittery|Depressed level of consciousness|Low density lipoprotein increased|Lipase increased|Lymph node pain|Blood glucose increased|Nephropathy toxic|Blood cholesterol increased|Hot flush|Submandibular mass|White blood cell count decreased|Allergic rash|Ear and labyrinth disorders|Sleep disorder|Completed suicide|Blood amylase increased|High density lipoprotein increased|International normalised ratio increased|Blood triglycerides increased|Blood albumin decreased|Lipodystrophy acquired|Hypersomnia|Insomnia|Fasting blood glucose increased|Body fat disorder|Blood pancreatic amylase increased|Facial wasting|Absolute neutrophil count decreased|Lipohypertrophy|Poor quality sleep|Major depression|Lipoatrophy|Epigastric discomfort|High cholesterol|Dysphonia|Renal impairment|Waist circumference increased|Renal tubular necrosis|Suicidal behaviour|Renal cyst|Hepatocellular carcinoma|Anorectal discomfort|Hepatic steatosis|Somnolence|Visual impairment",1,1,Toxicity occurred in 4.3% of patients treated with raltegravir https://doi.org/10.1097/QAD.0000000000001590,4,8nM in vitro|>1µM in vivo,LD50 >2000 mg/kg (Maus),NA,NA,HIV-1,in silico|in vivo (mice),CN1C(=O)C(O)=C(N=C1C(C)(C)NC(=O)C1=NN=C(C)O1)C(=O)NCC1=CC=C(F)C=C1,No significant similarity found,https://doi.org/10.26434/chemrxiv.11888730.v1|https://doi.org/10.1093/jac/dkx195,
Human immunodeficiency virus type 1 protease HIV-1|Nuclear receptor subfamily 1 group I member 2 human,Q72874|O75469,Ritonavir,1,0,DB00503  ,CHEMBL163,392622,,Small Molecule,Nausea|Diarrhoea|Vomiting|Asthenia|Dysgeusia|Neutropenia|Hyperamylasaemia|Headache|Anorexia|Thrombocytopenia|Abdominal pain|Circumoral paresthesia|Anaemia|Dyspepsia|Malaise|Dizziness|Body temperature increased|Aspartate aminotransferase increased|Paraesthesia|Sweating|Insomnia|Somnolence|Local throat irritation|Myalgia|Rash|Depression|Vasodilation|Fasting|Flatulence|Pain|Pharyngitis|Anxiety|Constipation|Thinking abnormal|Confusional state|Breast disorder|Cushing's syndrome|Dehydration|Diabetes mellitus|Endocrine disorder|Toxic epidermal necrolysis|Cardiac disorder|Factor VIII deficiency|Haemorrhage|Hyperglycaemia|Hypotension|Orthostatic hypotension|Ischaemia|Menorrhagia|Myocardial infarction|Nervous system disorder|Convulsion|Syncope|Atrioventricular block first degree|Bundle branch block right|Vasospasm|Atrioventricular block complete|Malnutrition|Unspecified disorder of skin and subcutaneous tissue|Atrioventricular block second degree|Secondary adrenocortical insufficiency|Gastrointestinal symptom NOS|Haemophilia|Drug interaction|Fat redistribution|Renal impairment|Albuminuria|Amblyopia|Amnesia|Aphasia|Arthralgia|Arthritis|Asthma|Ataxia|Back pain|Mental disorder|Blepharitis|Bone disorder|Bronchitis|Cachexia|Oral candidiasis|Cardiovascular disorder|Neck pain|Cheilitis|Chest pain|Cholangitis|Colitis|Colitis ulcerative|Coma|Conjunctivitis|Connective tissue disorder|Cough|Cystitis|Libido decreased|Dysphagia|Depersonalisation|Dermatitis exfoliative|Dermatitis contact|Fungal skin infection|Diplopia|Dyspnoea|Dysuria|Ear pain|Ecchymosis|Eczema|Oedema|Grand mal convulsion|Epistaxis|Eructation|Erythema multiforme|Oesophagitis|Eye disorder|Facial pain|Fatigue|Faecal incontinence|Flushing|Folliculitis|Furunculosis|Gastritis|Gastroenteritis|Gastrooesophageal reflux disease|Gastrointestinal disorder|Gastrointestinal haemorrhage|Gingivitis|Glycosuria|Gout|Hallucination|Subdural haematoma|Haematuria|Coma hepatic|Hepatitis|Hepatomegaly|Hepatosplenomegaly|Hiccups|Hypercholesterolaemia|Hyperaesthesia|Hyperlipidaemia|Hypersensitivity|Hypertension|Hypertriglyceridaemia|Hypoaesthesia|Body temperature decreased|Ileitis|Immune system disorder|Influenza|Iritis|Jaundice|Jaundice cholestatic|Arthropathy|Calculus of kidney|Renal failure acute|Laryngeal oedema|Cramps of lower extremities|Acute myeloid leukaemia|Leukopenia|Lung disorder|Lymphocytosis|Breast pain|Mediastinal disorder|Melaena|Molluscum contagiosum|Cramp muscle|Myopathy|Myeloproliferative disorder|Myositis|Nervousness|Neuralgia|Nocturia|Palpitations|Pancreatitis|Pelvic pain|Penis disorder|Abscess periodontal|Neuropathy peripheral|Personality disorder|Phlebitis|Polyuria|Pruritus|Psoriasis|Pyelonephritis|Rectal disorder|Renal failure|Rhinitis|Scotoma|Seborrhoeic dermatitis|Sialoadenitis|Sinusitis|Skin disorder|Speech disorder|Stomatitis|Tachycardia|Thirst|Thrombosis|Onychomycosis|Tinnitus|Tremor|Urethritis|Pollakiuria|Urinary tract infection|Urinary tract disorder|Urticaria|Uveitis|Vaginal inflammation|Angiopathy|Vertigo|Vestibular disorder|Weight decreased|Xanthomatosis|Dry mouth|Urinary retention|Peripheral vascular disorder|Chills|Stupor|Agitation|Mood swings|Photophobia|Rash pustular|Oedema peripheral|Mouth ulceration|Migraine|Peripheral sensory neuropathy|Neck stiffness|Alcohol intolerance|Hormone level abnormal|Blood urea increased|Creatine phosphokinase increased|Diarrhoea haemorrhagic|Tongue oedema|Enzyme abnormality|Skin hypertrophy|Accidental injury|Kidney function abnormal|Hepatocellular injury|Liver function test abnormal|Manic psychosis|Melanoma skin|Muscular weakness|Bone pain|Retrosternal pain|Eye pain|Vesiculobullous rash|Skin discolouration|Dry skin|Cerebral venous thrombosis|Oesophageal ulcer|Vitreous disorder|Abnormal faeces|External ophthalmoplegia|Photosensitivity reaction|Interstitial pneumonia|Muscle twitching|Rectal tenesmus|Disturbance in attention|Abnormal dreams|Euphoric mood|Hepatotoxicity|Erectile dysfunction|Rectal haemorrhage|Hepatobiliary disease|Peripheral coldness|Blood bilirubin increased|Electrolyte imbalance|Vision blurred|Avitaminosis|Enlargement abdomen|Adrenal cortical hypofunction|Rash maculo-papular|Hyperkinesia|Neuropathy|Electroretinogram abnormal|Lymphadenopathy|Dementia|Coordination abnormal|Paraesthesia oral|Paralysis|Face oedema|Renal pain|Cough increased|Gait disturbance|Acne|Sleep disorder|Lipodystrophy acquired|Cerebral ischaemia|Pseudomembranous colitis|Ileus|Hearing impaired|Parosmia|Oropharyngeal pain|Ageusia|Feeling hot|Hypoventilation|Abnormal vision,1,1,paresthesia|renal failure|eosinophilia|hepatotoxicity|pancreatitis|allergic reactions|allergic hypersensitivity,4,20 nM,Rat: 2.6154 mol/kg,35 µM,35,HIV-1,in silico,CC(C)C1=NC(=CS1)CN(C)C(=O)NC(C(C)C)C(=O)NC(CC2=CC=CC=C2)CC(C(CC3=CC=CC=C3)NC(=O)OCC4=CN=CS4)O,No significant similarity found|No significant similarity found,https://doi.org/10.1056/NEJMoa2001282|https://doi.org/10.7554/eLife.28020|https://doi.org/10.1021/jm970636+,
HIV1 protease,Q72874,Saquinavir,0,0,DB01232,CHEMBL114,441243,-8,Small Molecule,Diarrhoea|Nausea|Aspartate aminotransferase increased|Alanine aminotransferase increased|Platelet count decreased|Blood triglycerides increased|Vomiting|Abdominal distension|Abdominal pain|Alopecia|Anaemia|Anorexia|Asthenia|Constipation|Libido decreased|Dizziness|Dysgeusia|Dyspepsia|Dyspnoea|Eczema|Eructation|Rash|Fatigue|Flatulence|Headache|Paraesthesia|Neuropathy peripheral|Pruritus|Muscle spasms|Dry mouth|Dry skin|Haemoglobin decreased|Malaise|Increased appetite|Abdominal pain upper|Blood creatinine increased|Blood bilirubin increased|Lip dry|White blood cell count decreased|Sleep disorder|Blood amylase increased|Lymphocyte count decreased|Lipodystrophy acquired|Lipoatrophy|Loose stools|Diabetes mellitus|Hypersensitivity|Jaundice|Neutropenia|Pancreatitis|Stevens-Johnson syndrome|Dermatitis bullous|Decreased appetite|Mucosal ulceration|Renal impairment|Visual impairment|Hepatitis|Convulsion|Somnolence|Factor XI deficiency|Haematoma|Haemorrhage|Hypercholesterolaemia|Hyperglycaemia|Hypertriglyceridaemia|Hypertrophy of breast|Immune system disorder|Insulin resistance|Lipodystrophy|Nervous system disorder|Torsade de pointes|Angiopathy|Malnutrition|Ketoacidosis|Buffalo hump|Hyperlactacidaemia|Abscess|Atopic rhinitis|Amnesia|Haemolytic anaemia|Anxiety|Arthralgia|Arthritis|Ascites|Asthma|Ataxia|Autoimmune disorder|Back pain|Bacterial infection|Mental disorder|Blepharitis|Clotting|Bronchitis|Candida infection|Cardiovascular disorder|Cellulitis|Chalazion|Cheilitis|Chest pain|Cholangitis sclerosing|Cholelithiasis|Infection|Confusional state|Conjunctivitis|Connective tissue disorder|Cough|Cyanosis|Cyst|Dysphagia|Dehydration|Depression|Dermatitis|Drug eruption|Dry eye syndrome|Dysarthria|Dysentery|Ear pain|Oedema|Endocrine disorder|Epididymitis|Epistaxis|Oesophagitis|Eye disorder|Facial pain|Faecal incontinence|Body temperature increased|Folliculitis|Furunculosis|Gastritis|Gastrooesophageal reflux disease|Gastrointestinal disorder|Gastrointestinal haemorrhage|Gingivitis|Glossitis|Basedow's disease|Hallucination|Partial hearing loss|Cardiac disorder|Cardiac murmur|Cardiac valve disease|Heartburn|Haemarthrosis|Haemoptysis|Haemorrhoids|Hepatomegaly|Hepatosplenomegaly|Herpes simplex|Herpes zoster|Hyperbilirubinaemia|Hypercalcaemia|Hyperaesthesia|Hyperkalaemia|Hypernatraemia|Hypertension|Portal hypertension|Hypoaesthesia|Hypocalcaemia|Hypoglycaemia|Hypokalaemia|Hyponatraemia|Hypotension|Hypothyroidism|Inflammation|Influenza|Intestinal obstruction|Irritability|Calculus of kidney|Laryngitis|Cramps of lower extremities|Lethargy|Leukaemia|Acute myeloid leukaemia|Progressive multifocal leukoencephalopathy|Leukopenia|Low back pain|Lung disorder|Mediastinal disorder|Melaena|Menstrual disorder|Metabolic disorder|Molluscum contagiosum|Cramp muscle|Myopathy|Musculoskeletal disorder|Musculoskeletal pain|Fungal infection|Myositis|Nail disorder|Neoplasm|Night sweats|Nocturia|Opportunistic infection|Otitis|Pain|Pancytopenia|Paresis|Pelvic pain|Penis disorder|Peritonsillar abscess|Pharyngitis|Pneumonia|Poliomyelitis|Polyp|Prurigo|Anal pruritus|Psoriasis|Psychotic disorder|Rhabdomyolysis|Rhinitis|Salivary gland disorder|Kaposi's sarcoma|Seborrhoeic dermatitis|Shivering|Sinusitis|Skin disorder|Skin nodule|Skin ulcer|Speech disorder|Splenomegaly|Staphylococcal infection|Stomatitis|Aphthous stomatitis|Cerebrovascular accident|Suicide attempt|Syncope|Thirst|Thrombocytopenia|Thrombophlebitis|Tinnitus|Tooth disorder|Toothache|Tremor|Ulcer|Loss of consciousness|Erythema|Upper respiratory tract infection|Urinary tract infection|Micturition disorder|Urinary tract disorder|Urticaria|Vertigo|Common wart|Wasting generalized|Weight increased|Weight decreased|Trauma|Xeroderma|Xerophthalmia|Agitation|Hyperphosphataemia|Hypophosphataemia|Creatine phosphokinase increased|Creatinine increased|Gamma-glutamyltransferase increased|Haemorrhage intracranial|Muscular weakness|Retrosternal pain|Phosphatase alkaline increased|Hyporeflexia|Hyperreflexia|Oesophageal ulcer|Renal colic|Menstruation irregular|Polyarthritis|Photosensitivity reaction|Unspecified disorder of skin and subcutaneous tissue|Papillomatosis|Cytomegalovirus retinitis|Lightheadedness|Congenital generalised lipodystrophy|Stomach ache|Vaginal discharge|Myalgia|Abdominal discomfort|Abdominal colic|Euphoric mood|Vasoconstriction peripheral|Eye irritation|Upset stomach|Faeces discoloured|Buccal mucosa ulceration|Fat tissue increased|Haemorrhage urinary tract|Overdose effect|Dreaming excessive|Pain in jaw|Dyschezia|Gastrointestinal ulcer|Numbness of limbs|Numbness facial|Frequent bowel movements|Erectile dysfunction|Rectal haemorrhage|Hepatobiliary disease|Psychic disturbance|Chronic liver disease|Skin papilloma|Nephrolithiasis|Dysaesthesia|Rash maculo-papular|Gastrointestinal symptom NOS|Prostatomegaly|Stiffness|Transaminases increased|Neuropathy|Lymphadenopathy|Hepatitis chronic active|Coordination abnormal|Feces bloodstained|Visual disturbance|Thyrotropin high|Blood glucose increased|Blood glucose decreased|Hot flush|Drug interaction|Anxiety attack|Sweating increased|Acne|Intoxication|Infestation NOS|Blood and lymphatic system disorders|Ear and labyrinth disorders|Blood creatine phosphokinase increased|Libido disorder|Fat redistribution|Redness of face|Raised liver function tests|Insomnia|Drug fever|Hearing impaired|Rash papular|Gastrointestinal inflammation|Acute renal insufficiency|Vein distended|Cerebral haemorrhage|Other bacterial diseases,1,1,throat pain,4,0.4-13 µM,LD50: 2.6007 mol/kg (rat),33 µM,NA,HIV-1,PBMCs|MDMs|PM-1|in vitro,[H][C@@]12CCCC[C@]1([H])CN(C[C@@H](O)[C@H](CC1=CC=CC=C1)NC(=O)[C@H](CC(N)=O)NC(=O)C1=NC3=C(C=CC=C3)C=C1)[C@@H](C2)C(=O)NC(C)(C)C,No significant similarities found,https://doi.org/10.5582/ddt.2020.01012|https://dx.doi.org/10.7554%2FeLife.28020|https://doi.org/10.1128/AAC.00399-12,
NS3 protease HCV,Q91RS4,Simeprevir,0,0,DB06290,CHEMBL501849,24873435,"-7,8",Small Molecule,Photosensitivity|Fatigue|Rash|Headache|Nausea|Pruritus|Myalgia|Mediastinal disorder|Insomnia|Dyspnoea|Anaemia|Hepatobiliary disease|Constipation|Gastrointestinal disorder|Hyperbilirubinaemia|Photosensitivity reaction|Unspecified disorder of skin and subcutaneous tissue|Infection mixed|Blood bilirubin increased,1,1,in combination with sofosbuvir: fatigue|headache|nausea|in combination with PEG-Interferon Alfa-2A and ribavirin: rash|pruritus|nausea,4,8-28 nM,NA,>16 µM,NA,HCV,in silico|human cell lines,CC1=C(C=CC2=C1N=C(C=C2O[C@@H]3C[C@@H]4[C@@H](C3)C(=O)N(CCCC/C=C\[C@@H]5C[C@]5(NC4=O)C(=O)NS(=O)(=O)C6CC6)C)C7=NC(=CS7)C(C)C)OC,No significant similarity found,https://doi.org/10.20944/preprints202002.0438.v1|https://dx.doi.org/10.2147%2FPGPM.S52715,
NS3/4A protein HCV| Solute carrier organic anion transporter family member 1B1 human|Solute carrier organic anion transporter family member 2B1 human,B0B3C9|Q9Y6L6|O94956,Telaprevir(VX-950),0,0,DB05521,CHEMBL231813,3010818,"-7,8",Small Molecule,Fatigue|Rash|Pruritus|Anaemia|Nausea|Diarrhoea|Vomiting|Eczema|Proctalgia|Syncope|Dysgeusia|Haemorrhoids|Anal pruritus|Anorectal discomfort|Oral candidiasis|Drug eruption|Eosinophilia|Anal fissure|Gout|Hypothyroidism|Proctitis|Retinal disorder|Urticaria|Oedema peripheral|Swelling face|Rectal haemorrhage|Exfoliative rash|Toxic epidermal necrolysis|Erythema multiforme|Urinary tract disorder|Unspecified disorder of skin and subcutaneous tissue|Azotemia prerenal|Acute renal insufficiency|Urate nephropathy|Acquired immunodeficiency syndrome|Gouty arthritis|Infection|Endocrine disorder|Eye disorder|Gastrointestinal disorder|Hyperbilirubinaemia|Hypokalaemia|Renal failure acute|Lymphopenia|Nervous system disorder|Pregnancy|Skin disorder|Stevens-Johnson syndrome|Thrombocytopenia|Uric acid level increased|Malnutrition|Blood creatinine increased|Hepatobiliary disease|Burning rectal|Hyperuricaemia|Infestation NOS|Blood and lymphatic system disorders|Raised serum uric acid|Product taste abnormal,1,1,Serious skin reactions|Stevens Johnson Syndrome|Eosinophilia|Systemic Symptoms|Toxic Epidermal Necrolysis|anemia,4,250-380 nM,Rat: 2.6980 mol/kg,>10000 nmol/L,NA,HCV,in silico,CCCC(C(=O)C(=O)NC1CC1)NC(=O)C2C3CCCC3CN2C(=O)C(C(C)(C)C)NC(=O)C(C4CCCCC4)NC(=O)C5=NC=CN=C5,NA|No significant similarity found|No significant similarity found,https://doi.org/10.31219/osf.io/hczra|https://doi.org/10.1038/aps.2014.55,
HIV1 protease,Q72874,Tipranavir,0,0,DB00932,CHEMBL222559,54682461,-8,Small Molecule,"Diarrhoea|Nausea|Amylase increased|White blood cell count decreased|Cough|Body temperature increased|Fatigue|Aspartate aminotransferase increased|Abdominal distension|Dyspepsia|Rash|Flatulence|Vomiting|Loose stools|White blood cell count low|Headache|Abdominal pain|Epistaxis|Hypertriglyceridaemia|Hyperlipidaemia|Anorexia|Pruritus|Abdominal pain upper|Insomnia|Weight decreased|Neuropathy peripheral|Myalgia|Neutropenia|Dyspnoea|Dehydration|Anaemia|Infection|Diabetes mellitus|Dizziness|Gastrooesophageal reflux disease|Hepatitis toxic|Herpes simplex|Hypercholesterolaemia|Hyperglycaemia|Hypersensitivity|Mediastinal disorder|Cramp muscle|Renal failure|Muscle spasms|Thrombocytopenia|Liver function test abnormal|Hyperamylasaemia|Malaise|Decreased appetite|Hepatic enzyme increased|Hepatobiliary disease|Influenza like illness|Varicella zoster|Sleep disorder|Lipodystrophy acquired|Cytolytic hepatitis|Lipohypertrophy|Lipoatrophy|Renal impairment|Somnolence|Alanine aminotransferase increased|Gamma-glutamyltransferase increased|Hepatitis|Haemorrhage intracranial|Lipase increased|Hepatic steatosis|Pancreatitis|Mental disorder|Hyperbilirubinaemia|Hepatic failure|Fatal outcomes|Facial wasting|Asthenia|Autoimmune disorder|Bone disorder|Bronchitis|Connective tissue disorder|Constipation|Cyst|Depression|Drug eruption|Toxic epidermal necrolysis|Gastroenteritis|Gastrointestinal disorder|Basedow's disease|Haemarthrosis|Blood disorder|Haemorrhage|Hepatitis B|Herpes zoster|Hypertrophy of breast|Immune system disorder|Inflammation|Insulin resistance|Jaundice|Renal failure acute|Progressive multifocal leukoencephalopathy|Lymphoma|Myositis|Neoplasm|Nervous system disorder|Opportunistic infection|Pain|Pneumonia|Polyp|Pregnancy|Prurigo|Rhabdomyolysis|Stevens-Johnson syndrome|Erythema|Urinary tract disorder|Urticaria|Muscle haemorrhage|Malnutrition|Unspecified disorder of skin and subcutaneous tissue|Rash macular|Retching|Hepatotoxicity|Oesophageal candidiasis|Blood bilirubin increased|Pneumonia due to Streptococcus, group b|Rash maculo-papular|Rigors|Transaminases increased|Buffalo hump|Infestation NOS|Blood and lymphatic system disorders|Blood triglycerides increased|Cytomegalovirus chorioretinitis|Hepatic impairment|Mitochondrial toxicity|Rash papular|Pneumocystis jirovecii pneumonia",1,1,thirst|hunger|weight loss|increased urination|fatigue|dry itchy skin,4,0.03-0.07 uM,"Oral  rat > 5,000 mg/kg",34 µM,34,HIV-1,NA,CCC[C@]1(CC(=C(C(=O)O1)[C@H](CC)C2=CC(=CC=C2)NS(=O)(=O)C3=NC=C(C=C3)C(F)(F)F)O)CCC4=CC=CC=C4,No significant similarities found,arXiv:2003.04524|https://doi.org/10.7554/eLife.28020,
Thymidylate synthase|DNA pyrimidine nucleoside HSV,P04818|NA,Trifluridine,0,0,DB00432  ,CHEMBL1129,6256,"-6,3",Small Molecule,Eyelid oedema|Punctate keratitis,0,1,bone marrow suppression|fetal toxicity,4,9.35 µM,NA,160 µM,17.1,CPV Canine Parvovirus,F81 cells in vitro,C1C(C(OC1N2C=C(C(=O)NC2=O)C(F)(F)F)CO)O,No significant similarity found|NA,https://doi.org/10.3390/v11080742,
Human Neurokinin 1 receptor ,P25103,Aprepitant,0,0,DB00673,CHEMBL1471,9933512,"-7,9",Small Molecule,Alopecia|Nausea|Body temperature increased|Constipation|Pruritus|Anorexia|Headache|Diarrhoea|Neutropenia|Hypotension|Heartburn|Flatulence|Stomatitis|Hiccups|Bradycardia|Dizziness|Mediastinal disorder|Tinnitus|Gastritis|Epigastric discomfort|Vomiting|Insomnia|Mucosal inflammation|Anaemia|Infusion site reactions|Urinary tract infection|Hypertension|Pharyngolaryngeal pain|Asthenia|Hot flush|Fatigue|Alanine aminotransferase increased|Decreased appetite|Dyspepsia|Aspartate aminotransferase increased|Eructation|Anxiety|Anaphylactic shock|Toxic epidermal necrolysis|Rash|Hypersensitivity|Immune system disorder|Nervous system disorder|Stevens-Johnson syndrome|Urticaria|Unspecified disorder of skin and subcutaneous tissue|Neurotoxicity|Abdominal distension|Abdominal pain|Angioedema|Anxiety disorder|Arthralgia|Back pain|Mental disorder|Breast disorder|Candida infection|Oral candidiasis|Non-small cell lung cancer|Cardiovascular disorder|Cognitive disorder|Infection|Confusional state|Conjunctivitis|Connective tissue disorder|Cough|Cyst|Dysphagia|Dehydration|Diabetes mellitus|Duodenal ulcer|Dysarthria|Dysgeusia|Dyspnoea|Dysuria|Oedema|Embolism|Enterocolitis|Eye disorder|Fasting|Flushing|Gastrooesophageal reflux disease|Gastrointestinal disorder|Glycosuria|Hallucination|Cardiac disorder|Haematoma|Herpes simplex|Hyperglycaemia|Hyperhidrosis|Hypoaesthesia|Hypokalaemia|Hyponatraemia|Body temperature decreased|Inappropriate antidiuretic hormone secretion|Lethargy|Miosis|Cramp muscle|Musculoskeletal pain|Myocardial infarction|Neoplasm|Pain|Palpitations|Paraesthesia|Pelvic pain|Neuropathy peripheral|Pharyngitis|Pneumonia|Polyp|Polyuria|Postnasal drip|Proteinuria|Prurigo|Pulmonary embolism|Respiratory insufficiency|Respiratory tract infection|Salivation|Seborrhoeic dermatitis|Convulsion|Septic shock|Skin lesion|Sneezing|Muscle spasms|Staphylococcal infection|Syncope|Tachycardia|Sinus tachycardia|Thirst|Thrombocytopenia|Thrombophlebitis|Tremor|Loss of consciousness|Erythema|Upper respiratory tract infection|Pollakiuria|Urinary tract disorder|Angiopathy|Weight increased|Weight decreased|Wheezing|Dry mouth|Intraoperative hemorrhage|Chills|Polydipsia|Lower respiratory tract infection|Deep vein thrombosis|Peripheral sensory neuropathy|Blood urea increased|Mucous membrane disorder|Muscular weakness|Phosphatase alkaline increased|Sensory disturbance|Abnormal bowel sounds|Haemoglobin decreased|Malnutrition|Photosensitivity reaction|Obstipation|Blood urine|Malaise|Myalgia|Abdominal pain upper|Disorientation|Visual acuity reduced|Oily skin|Respiratory depression|Euphoric mood|Upset stomach|Chest discomfort|Microscopic hematuria|Wound dehiscence|Faeces hard|Blood bilirubin increased|Photosensitivity|Postoperative infection|Neutropenic colitis|Rigors|Blood pressure increased|Hypovolaemia|Depressed level of consciousness|White blood cells urine positive|Gait disturbance|Blood glucose increased|Throat irritation|Serum creatinine increased|Sweating increased|Duodenal ulcer perforation|Febrile neutropenia|White blood cell count decreased|White blood cell count increased|Infestation NOS|Blood and lymphatic system disorders|Ear and labyrinth disorders|Blood alkaline phosphatase increased|Neutrophil count decreased|Blood potassium decreased|Blood albumin decreased|Creatine increased|Neutropenic sepsis|Infusion site erythema|Subileus|Infusion site induration|Infusion site pain|Infusion site pruritus|Urine output increased|Renal impairment|Infusion site thrombophlebitis|Oropharyngeal pain|Somnolence,1,1,NA,4,6.4-8 µM,LD50  >2000 mg/kg (female mice and rats),50 µM,NA,HIV-1,PBMC in vitro|in silico,C[C@@H](O[C@H]1OCCN(CC2=NNC(=O)N2)[C@H]1C1=CC=C(F)C=C1)C1=CC(=CC(=C1)C(F)(F)F)C(F)(F)F,No significant similarity found,https://doi.org/10.1101/2020.01.29.924100|https://doi.org/10.1101/2020.02.05.936013|https://doi.org/10.1097/QAD.0b013e3283405c33,
Sodium/potassium-transporting ATPase subunit alpha-1|Sodium/potassium-transporting ATPase subunit alpha-2|Sodium/potassium-transporting ATPase subunit alpha-3,P05023|P50993|P13637,Ouabain,0,0,DB01092,CHEMBL222863,439501,"-7,4",Small Molecule,NA,0,1,NA,4,17-77 nM,LD50 of 5 mg/kg,0.1-0.6 µM,1.3-22,HCMV|HSV-1|EBV,U373|Vero|Akata in vitro|in silico,[H][C@@]12CC[C@]3(O)C[C@H](C[C@@H](O)[C@]3(CO)[C@@]1([H])[C@H](O)C[C@]1(C)[C@H](CC[C@]21O)C1=CC(=O)OC1)O[C@@H]1O[C@@H](C)[C@H](O)[C@@H](O)[C@H]1O,No significant similarity found|No significant similarity found|No significant similarity found,https://doi.org/10.1101/2020.02.25.965582|https://doi.org/10.1101/2020.03.20.999730|https://doi.org/10.1016/j.taap.2018.07.082|https://doi.org/10.1128/AAC.00898-12,
Reverse transcriptase/RNaseH|HIV1 Integrase,Q72547|Q7ZJM1,Bictegravir(GS-9883),0,0,DB11799,CHEMBL3989866,90311989,"-8,2",Small Molecule,diarrhea|nausea|headache,0,0,"Lactic acidosis/severe hepatomegaly with steatosis: Discontinue treatment in patients who develop symptoms/laboratory findings suggesting lactic acidosis or hepatotoxicity.|26% adverse effects in Kombination mit emtricitabine, and tenofovir alafenamide https://doi.org/10.1016/S0140-6736(17)32299-7",4,1.5-2.4 nM,LD50> 4000 mg/kg oral rodents,"10,300 nM","<=8,700",HIV-1,MT-2 and MT-4 cells/In silico,OC1=C2N(C[C@H]3O[C@@H]4CC[C@@H](C4)N3C2=O)C=C(C(=O)NCC2=C(F)C=C(F)C=C2F)C1=O,No significant similarity found|No significant similarity found,https://doi.org/10.1101/2020.01.28.922922|https://doi.org/10.26434/chemrxiv.11888730.v1|https://doi.org/10.1128/AAC.01474-16,
D-Ala-D-Ala moiety of NAM/NAG peptide subunits of peptidoglycan,NA,Teicoplanin,0,1,DB06149,CHEMBL4297166,16152170,"-5,5",Small Molecule,Abscess|Agranulocytosis|Anaphylactic shock|Angioedema|Bronchospasm|Dermatitis exfoliative|Diarrhoea|Dizziness|Eosinophilia|Toxic epidermal necrolysis|Erythema multiforme|Rash|Body temperature increased|Flushing|Headache|Hypersensitivity|Renal failure acute|Leukopenia|Nausea|Neutropenia|Pain|Phlebitis|Pruritus|Convulsion|Stevens-Johnson syndrome|Thrombocytopenia|Thrombophlebitis|Tinnitus|Erythema|Urticaria|Vertigo|Vomiting|Redness|Rigors|Transaminases increased|Local reaction|Hearing impaired,1,1,NA,4,1.66 μM (IC50), LD50 > 500 mg/kg (mouse),NA,NA, HIV-1/2019-nCoV-S pseudoviruses,HEK293T|A549|Huh7,NA,NA,https://doi.org/10.1101/2020.02.05.935387|https://10.1074/jbc.M116.716100|https://doi.org/10.1016/j.ijantimicag.2020.105944